1, 1, TIM-SOUTHEE, ALEX-LEES, L, 79.988, 4.12, 0.40, 0.44, 0.40, -3.79, -0.46, 4, 107.000, 137.000, 12:25:48, 2022/06/14, -0.506327, 6.184887, -11.388254, -5.246887, P, A, -0.329421, 2.104297, -5.723671, 2.254027, -0.510720
1, 2, TIM-SOUTHEE, ALEX-LEES, L, 81.456, 5.68, 0.43, 0.77, 0.65, -0.20, -0.05, 4, 23.000, 186.000, 12:26:32, 2022/06/14, -0.621943, 7.812789, -11.864510, -6.573102, P, A, -0.336997, 2.080147, -0.854643, 2.333740, -0.058005
1, 3, TIM-SOUTHEE, ALEX-LEES, L, 80.206, 6.62, 0.73, 0.32, 0.80, -2.32, -0.80, 0, 0.000, 0.000, 12:27:17, 2022/06/14, -0.645464, 8.616850, -12.258181, -7.187271, P, D, 1.028616, 2.041024, -3.816307, 2.193050, -0.225419
1, 4, TIM-SOUTHEE, ALEX-LEES, L, 80.556, 7.23, 0.41, 0.21, 0.87, 0.64, 0.86, 4, -123.000, 119.000, 12:27:49, 2022/06/14, -0.631680, 8.683163, -12.750432, -7.950137, E, D, 0.939600, 2.066920, 1.584628, 2.295094, 0.084347
1, 5, TIM-SOUTHEE, ALEX-LEES, L, 81.107, 6.74, 0.65, 0.50, 0.90, 0.16, 0.44, 0, 0.000, 0.000, 12:28:29, 2022/06/14, -0.701633, 9.317415, -12.274422, -7.387839, N, N, 1.003575, 2.040865, 0.560931, 2.330610, 0.031963
1, 6, TIM-SOUTHEE, ALEX-LEES, L, 80.697, 7.60, 0.60, 0.21, 1.01, 0.10, -0.83, 0, 0.000, 0.000, 12:29:02, 2022/06/14, -0.677388, 9.486066, -12.787049, -8.438343, P, D, 0.998103, 2.049621, 0.525824, 2.629502, 0.025193
2, 1, TRENT-BOULT, ZAK-CRAWLEY, R, 78.300, 6.46, -0.22, -0.72, 0.74, 0.98, -0.91, 0, 0.000, 0.000, 12:30:34, 2022/06/14, -0.625131, 7.846118, -11.728504, -6.848965, N, N, 0.593701, 2.004302, 2.353475, 2.384531, 0.138536
2, 2, TRENT-BOULT, ZAK-CRAWLEY, R, 82.913, 5.49, -0.26, -0.56, 0.56, 0.98, -0.13, 0, 0.000, 0.000, 12:31:05, 2022/06/14, -0.557761, 6.693103, -11.262548, -5.752865, N, N, 0.536183, 1.971626, 2.185911, 1.764568, 0.147869
2, 3, TRENT-BOULT, ZAK-CRAWLEY, R, 81.138, 6.64, 0.09, -0.29, 0.86, -0.05, -0.53, 0, 0.000, 0.000, 12:31:39, 2022/06/14, -0.676856, 8.736644, -11.870600, -6.667790, M, D, 0.481307, 1.967119, 0.206253, 1.465381, 0.011517
2, 4, TRENT-BOULT, ZAK-CRAWLEY, R, 82.642, 8.55, 0.08, -0.34, 1.10, -0.20, -0.22, -1, 0.000, 0.000, 12:32:14, 2022/06/14, -0.670559, 9.219079, -13.027564, -8.820384, E, D, 0.497229, 1.954772, -0.051867, 1.995674, -0.002032
2, 5, TRENT-BOULT, OLLIE-POPE, R, 80.135, 6.95, -0.11, -0.47, 0.93, -0.11, 0.33, 0, 0.000, 0.000, 12:34:23, 2022/06/14, -0.695713, 9.137874, -11.871753, -7.114686, N, N, 0.524797, 1.966901, 0.297611, 2.014360, 0.015595
2, 6, TRENT-BOULT, OLLIE-POPE, R, 80.435, 6.83, -0.06, -0.57, 0.78, 0.21, -0.93, 0, 0.000, 0.000, 12:34:55, 2022/06/14, -0.613137, 7.995060, -11.820168, -6.961923, M, D, 0.471477, 1.963510, 0.824119, 1.839396, 0.043744
3, 1, TIM-SOUTHEE, ALEX-LEES, L, 82.212, 7.38, 0.67, 0.45, 0.88, 0.20, 0.35, 0, 0.000, 0.000, 12:35:38, 2022/06/14, -0.629466, 8.622147, -12.589714, -8.036699, N, N, 1.011635, 2.030398, 0.664567, 2.308517, 0.032887
3, 2, TIM-SOUTHEE, ALEX-LEES, L, 82.916, 7.31, 0.61, 0.39, 0.77, -0.10, 0.27, 0, 0.000, 0.000, 12:36:10, 2022/06/14, -0.587706, 7.767945, -12.464465, -8.071506, P, A, 0.979601, 2.031122, 0.116379, 2.605930, 0.005776
3, 3, TIM-SOUTHEE, ALEX-LEES, L, 82.390, 7.78, 0.86, 0.78, 0.99, 0.07, 0.75, 4, -61.000, 105.000, 12:36:44, 2022/06/14, -0.667196, 9.168873, -12.747228, -8.629552, P, A, 1.107162, 2.030423, 0.364836, 2.824498, 0.016552
3, 4, TIM-SOUTHEE, ALEX-LEES, L, 80.055, 7.42, 0.84, 0.77, 1.03, 0.37, -0.02, 0, 0.000, 0.000, 12:37:26, 2022/06/14, -0.696692, 9.886692, -12.627838, -7.883896, N, N, 0.981575, 2.007402, 0.857417, 1.689620, 0.041123
3, 5, TIM-SOUTHEE, ALEX-LEES, L, 83.855, 8.11, 0.59, 0.46, 1.06, 0.97, 0.26, 0, 0.000, 0.000, 12:37:58, 2022/06/14, -0.663819, 9.302877, -13.019714, -8.700351, N, N, 0.880914, 2.012914, 2.354105, 1.953187, 0.098127
3, 6, TIM-SOUTHEE, ALEX-LEES, L, 82.344, 7.98, 0.26, -0.10, 0.91, -0.63, 0.61, 1, 52.000, -46.000, 12:38:31, 2022/06/14, -0.611651, 8.434931, -12.885508, -8.676810, P, A, 0.774732, 2.023528, -0.842169, 2.585278, -0.037372
4, 1, TRENT-BOULT, ALEX-LEES, L, 80.380, 11.80, 0.63, 0.80, 2.03, 0.93, -0.75, 0, 0.000, 0.000, 12:39:38, 2022/06/14, -0.670380, 12.661901, -17.125385, -13.989831, N, N, 0.512863, 1.897939, 2.877408, 1.307002, 0.050508
4, 2, TRENT-BOULT, ALEX-LEES, L, 81.436, 7.19, 0.08, -0.21, 0.86, -0.37, 0.32, 2, -20.000, -60.000, 12:40:11, 2022/06/14, -0.651776, 8.329420, -12.132781, -7.267680, P, A, 0.531049, 1.961746, -0.341940, 1.873831, -0.017716
4, 3, TRENT-BOULT, ALEX-LEES, L, 83.459, 5.56, 0.34, 0.24, 0.73, 0.37, -0.45, 4, 149.000, 59.000, 12:40:49, 2022/06/14, -0.695569, 8.355633, -11.295828, -5.755827, P, A, 0.532820, 1.964324, 0.768191, 1.462608, 0.050148
4, 4, TRENT-BOULT, ALEX-LEES, L, 83.103, 6.19, 0.03, -0.34, 0.76, 0.29, -0.42, 0, 0.000, 0.000, 12:41:40, 2022/06/14, -0.650791, 8.062162, -11.454300, -6.491745, M, A, 0.677961, 1.975323, 1.044553, 1.897552, 0.060214
4, 5, TRENT-BOULT, ALEX-LEES, L, 82.866, 5.55, 0.09, -0.12, 0.68, -1.08, 0.45, 1, 61.000, -49.000, 12:42:13, 2022/06/14, -0.671136, 7.885698, -11.024392, -5.835272, P, A, 0.544217, 1.941372, -1.531135, 2.048136, -0.099766
4, 6, TRENT-BOULT, OLLIE-POPE, R, 81.655, 7.45, -0.10, -0.64, 0.96, -0.71, -0.26, 0, 0.000, 0.000, 12:42:54, 2022/06/14, -0.688951, 9.000109, -12.062431, -7.557477, N, N, 0.545265, 1.939919, -0.872205, 2.172060, -0.041939
5, 1, MATT-HENRY, ALEX-LEES, L, 83.707, 6.32, 0.37, 0.84, 0.76, -0.09, 0.54, 0, 0.000, 0.000, 12:44:08, 2022/06/14, -0.694081, 8.202902, -11.014833, -6.879880, N, N, -0.403367, 1.933509, -0.769747, 3.479591, -0.044123
5, 2, MATT-HENRY, ALEX-LEES, L, 85.209, 7.05, 0.13, 0.49, 0.58, -0.26, -0.09, 0, 0.000, 0.000, 12:44:41, 2022/06/14, -0.518313, 6.165148, -11.188972, -7.687414, N, N, -0.483029, 1.934375, -1.045085, 4.173163, -0.051527
5, 3, MATT-HENRY, ALEX-LEES, L, 85.209, 6.75, -0.05, 0.17, 0.77, -0.13, -0.25, 0, 0.000, 0.000, 12:45:07, 2022/06/14, -0.668145, 7.872870, -11.173220, -7.349572, P, D, -0.478145, 1.934245, -0.622012, 3.679633, -0.032280
5, 4, MATT-HENRY, ALEX-LEES, L, 84.111, 7.10, -0.26, -0.01, 0.65, -0.03, 0.94, 0, 0.000, 0.000, 12:45:38, 2022/06/14, -0.557609, 6.749301, -11.266425, -7.730843, P, D, -0.461769, 1.924136, -0.236485, 3.969601, -0.011341
5, 5, MATT-HENRY, ALEX-LEES, L, 85.634, 6.48, -0.07, 0.20, 0.83, -0.14, 0.44, 1, 28.000, 90.000, 12:46:13, 2022/06/14, -0.712617, 8.513041, -11.092222, -7.079511, P, A, -0.478602, 1.945256, -0.609372, 3.254777, -0.032080
5, 6, MATT-HENRY, OLLIE-POPE, R, 86.691, 4.76, -0.14, -0.00, 0.52, 0.64, -0.60, 0, 0.000, 0.000, 12:47:16, 2022/06/14, -0.628476, 6.872104, -10.278737, -5.940079, P, A, -0.576384, 1.972835, 0.788727, 3.585412, 0.054596
6, 1, TRENT-BOULT, ALEX-LEES, L, 82.765, 6.80, 0.51, 0.44, 0.71, 0.31, -0.32, 0, 0.000, 0.000, 12:48:19, 2022/06/14, -0.573671, 7.330562, -11.752981, -7.135607, N, N, 0.581735, 1.975675, 0.661759, 2.189981, 0.034599
6, 2, TRENT-BOULT, ALEX-LEES, L, 83.210, 8.95, 0.54, 0.44, 1.11, 0.25, -0.54, 4, -18.000, 198.000, 12:48:54, 2022/06/14, -0.643147, 9.178806, -13.284003, -9.442913, P, A, 0.585593, 1.939160, 0.630418, 2.299887, 0.022090
6, 3, TRENT-BOULT, ALEX-LEES, L, 80.543, 6.82, 0.24, 0.12, 1.04, -0.55, 1.31, 0, 0.000, 0.000, 12:49:33, 2022/06/14, -0.781492, 10.132639, -11.687126, -7.082720, E, D, 0.628617, 1.958303, -0.737767, 2.237582, -0.038686
6, 4, TRENT-BOULT, ALEX-LEES, L, 82.586, 11.91, 0.48, -0.09, 1.94, -0.05, -2.17, 0, 0.000, 0.000, 12:50:06, 2022/06/14, -0.645284, 12.370560, -16.975923, -14.862794, N, N, 0.527854, 1.890545, -0.111483, 4.691840, -0.001839
6, 5, TRENT-BOULT, ALEX-LEES, L, 82.996, 8.13, 0.34, 0.06, 0.78, -0.95, 0.21, 0, 0.000, 0.000, 12:50:41, 2022/06/14, -0.552236, 7.325822, -12.356742, -8.370897, P, D, 0.633240, 1.921674, -1.793942, 2.550205, -0.073668
6, 6, TRENT-BOULT, ALEX-LEES, L, 80.995, 7.60, 0.27, -0.02, 1.02, -0.67, -0.10, 0, 0.000, 0.000, 12:51:13, 2022/06/14, -0.723244, 9.293126, -12.129117, -7.734102, P, D, 0.601552, 1.938489, -1.046581, 2.419077, -0.049841
7, 1, MATT-HENRY, OLLIE-POPE, R, 85.507, 7.98, -0.48, -0.30, 0.55, 0.79, -0.37, 0, 0.000, 0.000, 12:52:11, 2022/06/14, -0.441607, 5.696899, -11.914534, -8.382765, M, D, -0.702841, 1.909589, 1.584415, 3.340712, 0.063671
7, 2, MATT-HENRY, OLLIE-POPE, R, 83.351, 9.24, -0.45, -0.25, 1.00, 0.08, -0.00, 0, 0.000, 0.000, 12:52:58, 2022/06/14, -0.571811, 8.508389, -13.732657, -9.383220, P, D, -0.632109, 1.900077, 0.000000, 0.806650, 0.000000
7, 3, MATT-HENRY, OLLIE-POPE, R, 80.553, 10.85, -0.53, -0.46, 1.73, 0.25, -1.05, 4, -18.000, 188.000, 12:53:27, 2022/06/14, -0.689392, 11.888486, -14.897428, -12.617178, P, A, -0.707728, 1.910368, 0.529329, 4.874082, 0.011492
7, 4, MATT-HENRY, OLLIE-POPE, R, 83.877, 9.14, -0.31, 0.12, 1.00, 0.37, 0.43, 0, 0.000, 0.000, 12:54:12, 2022/06/14, -0.594123, 8.313083, -12.921389, -9.566364, M, D, -0.625649, 1.890744, 0.595116, 3.012339, 0.019152
7, 5, MATT-HENRY, OLLIE-POPE, R, 84.581, 7.02, -0.39, -0.22, 0.95, 0.59, -0.23, 0, 0.000, 0.000, 12:54:47, 2022/06/14, -0.746349, 9.113308, -11.119016, -7.837253, P, D, -0.652073, 1.947253, 1.004142, 4.423632, 0.047669
7, 6, MATT-HENRY, OLLIE-POPE, R, 85.008, 8.60, -0.49, -0.08, 0.99, 0.26, 0.73, 0, 0.000, 0.000, 12:55:21, 2022/06/14, -0.626872, 8.439402, -12.260036, -9.158640, P, D, -0.790799, 1.901843, 0.321570, 3.879927, 0.011257
8, 1, TRENT-BOULT, ALEX-LEES, L, 85.341, 8.29, 0.26, 0.06, 1.27, -0.85, 0.62, 0, 0.000, 0.000, 12:56:17, 2022/06/14, -0.766501, 10.557734, -12.507402, -8.787767, P, D, 0.531152, 1.941757, -1.686001, 2.839521, -0.065030
8, 2, TRENT-BOULT, ALEX-LEES, L, 81.295, 6.00, 0.42, 0.32, 0.72, 0.29, -0.42, 1, 65.000, -51.000, 12:56:50, 2022/06/14, -0.626993, 8.123184, -11.934122, -5.704497, E, A, 0.550837, 1.944012, 0.598403, 0.070565, 0.037100
8, 3, TRENT-BOULT, OLLIE-POPE, R, 83.159, 7.99, 0.14, -0.23, 1.00, -0.03, -0.13, 0, 0.000, 0.000, 12:57:31, 2022/06/14, -0.660474, 8.902676, -12.564281, -8.314947, P, D, 0.581624, 1.958106, 0.337932, 2.071792, 0.014226
8, 4, TRENT-BOULT, OLLIE-POPE, R, 83.948, 8.77, 0.14, -0.08, 1.01, 0.42, 0.62, 1, -120.000, 75.000, 12:58:06, 2022/06/14, -0.609829, 8.603649, -13.153120, -8.991118, P, A, 0.506154, 1.928576, 1.336406, 1.654357, 0.048550
8, 5, TRENT-BOULT, ALEX-LEES, L, 82.069, 7.36, 0.26, 0.04, 0.87, -0.36, 0.26, 0, 0.000, 0.000, 12:58:40, 2022/06/14, -0.646935, 8.377945, -12.004497, -7.504033, P, D, 0.598964, 1.944468, -0.422085, 2.253781, -0.020640
8, 6, TRENT-BOULT, ALEX-LEES, L, 83.186, 7.51, 0.36, 0.22, 0.95, -0.06, 0.11, 0, 0.000, 0.000, 12:59:11, 2022/06/14, -0.680368, 8.807809, -12.147835, -7.578738, P, D, 0.568675, 1.934936, 0.053901, 1.936415, 0.002545
9, 1, MATT-HENRY, OLLIE-POPE, R, 82.515, 8.31, -0.47, -0.15, 1.23, 0.40, 0.92, 0, 0.000, 0.000, 13:00:04, 2022/06/14, -0.745056, 10.365707, -12.426145, -8.649746, P, D, -0.654352, 1.920965, 0.741046, 2.605339, 0.028217
9, 2, MATT-HENRY, OLLIE-POPE, R, 85.495, 7.11, -0.29, 0.04, 0.68, 0.65, -0.24, 0, 0.000, 0.000, 13:00:34, 2022/06/14, -0.569363, 6.900598, -11.208719, -7.690635, P, D, -0.768932, 1.927832, 0.922697, 3.934460, 0.043710
9, 3, MATT-HENRY, OLLIE-POPE, R, 85.675, 8.10, -0.50, -0.20, 0.80, 0.46, 0.24, 1, 26.000, 87.000, 13:01:04, 2022/06/14, -0.578473, 7.333840, -11.849687, -8.622169, P, A, -0.795577, 1.911676, 0.756955, 4.039603, 0.030040
9, 4, MATT-HENRY, ALEX-LEES, L, 86.383, 4.27, 0.01, 0.20, 0.46, -0.76, 0.68, 0, 0.000, 0.000, 13:01:50, 2022/06/14, -0.635589, 6.572335, -9.723869, -5.712720, P, D, -0.538701, 1.947169, -1.623366, 4.402412, -0.121801
9, 5, MATT-HENRY, ALEX-LEES, L, 85.347, 5.81, -0.19, -0.10, 0.62, -0.47, -0.25, 0, 0.000, 0.000, 13:02:26, 2022/06/14, -0.628148, 7.102786, -10.500946, -6.567429, P, A, -0.486032, 1.923978, -1.129934, 3.667770, -0.065321
9, 6, MATT-HENRY, ALEX-LEES, L, 84.641, 7.91, -0.05, 0.25, 0.84, -0.35, 0.23, 0, 0.000, 0.000, 13:03:02, 2022/06/14, -0.611922, 7.723982, -11.750278, -8.528080, P, D, -0.427869, 1.931505, -1.116725, 4.219910, -0.046334
10, 1, TRENT-BOULT, OLLIE-POPE, R, 78.379, 7.75, 0.15, -0.32, 0.95, 0.36, -1.49, 1, -60.000, -12.000, 13:43:03, 2022/06/14, -0.644581, 8.984809, -12.508774, -7.960980, E, D, 0.546293, 1.976491, 1.009574, 2.331617, 0.048772
10, 2, TRENT-BOULT, ALEX-LEES, L, 79.768, 7.87, 0.25, 0.04, 1.00, -0.18, 0.76, 0, 0.000, 0.000, 13:43:48, 2022/06/14, -0.685108, 9.188568, -12.436897, -8.117006, P, D, 0.660459, 1.958368, -0.017090, 2.770678, -0.000816
10, 3, TRENT-BOULT, ALEX-LEES, L, 80.133, 5.56, -0.25, -0.63, 0.52, -1.37, 0.53, 0, 0.000, 0.000, 13:44:19, 2022/06/14, -0.523359, 6.464765, -11.252093, -5.656324, N, N, 0.524893, 1.952893, -1.687192, 1.909851, -0.117890
10, 4, TRENT-BOULT, ALEX-LEES, L, 80.284, 6.66, 0.35, 0.15, 0.85, -0.92, 0.35, 0, 0.000, 0.000, 13:45:06, 2022/06/14, -0.686798, 8.687506, -11.742422, -6.658020, P, D, 0.657745, 1.954338, -1.381966, 2.061830, -0.080823
10, 5, TRENT-BOULT, ALEX-LEES, L, 81.635, 6.24, 0.32, 0.11, 0.68, 0.11, -0.41, 0, 0.000, 0.000, 13:45:37, 2022/06/14, -0.596084, 7.447721, -11.686611, -6.164437, P, D, 0.651311, 1.958064, 0.437785, 1.414713, 0.026916
10, 6, TRENT-BOULT, ALEX-LEES, L, 81.318, 6.85, 0.32, 0.10, 0.93, -0.74, -0.03, 0, 0.000, 0.000, 13:46:09, 2022/06/14, -0.727279, 9.086517, -11.723055, -6.745719, P, D, 0.598027, 1.937461, -1.137835, 1.950236, -0.063092
11, 1, MATT-HENRY, OLLIE-POPE, R, 82.960, 7.78, -0.45, -0.29, 0.78, -0.42, 0.54, 0, 0.000, 0.000, 13:47:14, 2022/06/14, -0.592155, 7.489311, -11.879176, -8.093544, P, D, -0.589783, 1.917030, -0.974861, 3.427875, -0.044096
11, 2, MATT-HENRY, OLLIE-POPE, R, 83.638, 8.60, -0.42, -0.27, 0.81, 0.14, -0.38, 0, 0.000, 0.000, 13:47:47, 2022/06/14, -0.532592, 7.552971, -12.824640, -8.937402, P, D, -0.641478, 1.927639, 0.114807, 2.496771, 0.004343
11, 3, MATT-HENRY, OLLIE-POPE, R, 84.390, 8.44, -0.18, 0.19, 0.79, 0.60, -0.36, 0, 0.000, 0.000, 13:48:16, 2022/06/14, -0.555640, 7.278630, -12.227709, -9.090177, M, A, -0.616136, 1.925101, 0.928431, 4.270026, 0.035784
11, 4, MATT-HENRY, ALEX-LEES, L, 84.733, 1.86, -0.04, -0.00, 0.31, -0.90, 0.08, 0, 0.000, 0.000, 13:48:59, 2022/06/14, -0.800349, 9.679668, -9.628677, -4.186896, P, D, -0.488570, 1.976635, -1.482476, 3.410570, -0.157223
11, 5, MATT-HENRY, ALEX-LEES, L, 85.427, 8.34, -0.08, 0.17, 0.93, -0.07, -0.46, 0, 0.000, 0.000, 13:49:30, 2022/06/14, -0.630961, 8.043674, -12.116236, -8.729689, P, D, -0.454193, 1.902256, -0.524499, 3.580969, -0.020105
11, 6, MATT-HENRY, ALEX-LEES, L, 83.865, 8.60, -0.21, 0.04, 1.07, -0.13, -0.38, 0, 0.000, 0.000, 13:50:09, 2022/06/14, -0.671524, 9.046658, -12.461676, -8.853686, P, D, -0.576465, 1.888916, -0.653250, 2.893159, -0.023880
12, 1, TRENT-BOULT, OLLIE-POPE, R, 80.225, 7.37, 0.18, -0.29, 0.88, -0.37, -1.45, 0, 0.000, 0.000, 13:51:02, 2022/06/14, -0.641312, 8.504677, -12.124845, -7.708612, E, D, 0.550152, 1.981635, -0.405791, 2.745843, -0.020681
12, 2, TRENT-BOULT, OLLIE-POPE, R, 81.942, 8.03, -0.01, -0.49, 0.93, 0.68, -0.38, 0, 0.000, 0.000, 13:51:55, 2022/06/14, -0.637877, 8.401773, -12.296069, -8.100444, P, D, 0.582340, 1.921456, 1.948291, 2.409523, 0.084450
12, 3, TRENT-BOULT, OLLIE-POPE, R, 82.199, 7.17, 0.05, -0.29, 1.06, 0.11, -0.00, 0, 0.000, 0.000, 13:52:28, 2022/06/14, -0.784922, 9.856009, -11.828638, -7.407016, P, D, 0.577531, 1.957049, 0.637501, 2.641078, 0.032683
12, 4, TRENT-BOULT, OLLIE-POPE, R, 82.764, 8.00, -0.00, -0.50, 0.97, -0.45, -0.31, 0, 0.000, 0.000, 13:53:50, 2022/06/14, -0.650708, 8.681456, -12.464114, -7.987622, P, D, 0.525125, 1.928718, -0.473742, 1.825705, -0.020633
12, 5, TRENT-BOULT, OLLIE-POPE, R, 84.744, 4.61, -0.17, -0.40, 0.44, 0.61, -0.37, 2, -10.000, -103.000, 13:54:24, 2022/06/14, -0.529173, 5.955000, -10.602950, -5.332654, E, A, 0.486154, 1.968571, 1.437355, 2.369614, 0.106317
12, 6, TRENT-BOULT, OLLIE-POPE, R, 83.807, 9.92, -0.05, -0.80, 1.31, 0.08, -0.12, 4, -128.000, -91.000, 13:55:06, 2022/06/14, -0.632516, 9.830183, -14.519997, -10.179809, P, A, 0.553773, 1.905672, 0.874267, -0.012568, 0.024777
13, 1, MATT-HENRY, ALEX-LEES, L, 83.793, 6.12, 0.06, 0.45, 0.88, -0.11, 0.40, 0, 0.000, 0.000, 13:56:02, 2022/06/14, -0.793972, 9.243471, -10.725454, -7.000156, M, D, -0.486127, 1.960024, -0.643503, 4.179831, -0.036929
13, 2, MATT-HENRY, ALEX-LEES, L, 85.133, 7.72, -0.02, 0.31, 0.80, -0.27, -0.06, 0, 0.000, 0.000, 13:56:34, 2022/06/14, -0.612340, 7.484909, -11.467998, -8.172352, N, N, -0.492697, 1.905511, -1.018160, 4.168339, -0.043998
13, 3, MATT-HENRY, ALEX-LEES, L, 85.949, 4.00, 0.31, 0.52, 0.35, -0.45, 0.01, 0, 0.000, 0.000, 13:57:03, 2022/06/14, -0.512194, 5.228669, -9.667785, -5.495914, P, A, -0.465973, 1.952261, -1.237351, 4.314962, -0.097670
13, 4, MATT-HENRY, ALEX-LEES, L, 84.990, 12.68, -0.47, -0.04, 1.81, 0.55, -0.58, 0, 0.000, 0.000, 13:57:37, 2022/06/14, -0.549607, 11.674690, -18.572241, -16.138019, N, N, -0.685733, 1.845215, 1.765636, 2.410553, 0.022659
13, 5, MATT-HENRY, ALEX-LEES, L, 84.443, 7.58, -0.07, 0.19, 0.94, -0.35, -0.13, 0, 0.000, 0.000, 13:58:10, 2022/06/14, -0.692650, 8.572415, -11.400139, -8.077368, P, D, -0.491091, 1.909538, -1.150848, 4.062762, -0.049895
13, 6, MATT-HENRY, ALEX-LEES, L, 85.430, 13.38, -0.41, 0.35, 2.01, -0.25, 0.02, 0, 0.000, 0.000, 13:58:42, 2022/06/14, -0.555701, 12.431851, -19.395043, -18.046355, N, N, -0.688709, 1.773425, -1.616657, 6.429923, -0.016110
14, 1, TRENT-BOULT, OLLIE-POPE, R, 82.927, 7.60, -0.17, -0.75, 0.90, -0.69, -0.15, 4, -130.000, -67.000, 13:59:29, 2022/06/14, -0.649597, 8.404010, -12.051672, -7.786735, P, A, 0.537651, 1.936012, -0.800850, 2.542832, -0.037391
14, 2, TRENT-BOULT, OLLIE-POPE, R, 84.250, 6.65, -0.07, -0.38, 0.79, 0.15, -0.06, 0, 0.000, 0.000, 14:00:12, 2022/06/14, -0.645972, 7.998910, -11.518090, -7.006708, P, D, 0.477122, 1.968046, 0.730547, 2.528227, 0.039390
14, 3, TRENT-BOULT, OLLIE-POPE, R, 81.834, 9.05, 0.07, -0.43, 0.91, -0.63, 0.00, 0, 0.000, 0.000, 14:00:43, 2022/06/14, -0.559410, 8.004503, -13.268034, -9.352260, P, D, 0.516279, 1.919475, -1.006907, 2.373467, -0.036232
14, 4, TRENT-BOULT, OLLIE-POPE, R, 81.281, 12.83, 0.19, -0.69, 1.85, 0.69, -0.86, 0, 0.000, 0.000, 14:01:22, 2022/06/14, -0.536798, 11.721136, -19.206621, -16.267134, N, N, 0.499417, 1.828408, 3.199496, 0.221279, 0.040115
14, 5, TRENT-BOULT, OLLIE-POPE, R, 80.149, 8.19, -0.75, -0.48, 1.08, 0.46, -0.92, 1, -108.000, -96.000, 14:02:09, 2022/06/14, -0.686756, 9.557684, -12.218887, -8.547441, P, A, -1.205414, 1.922515, 0.597066, 3.147767, 0.023990
14, 6, TRENT-BOULT, ALEX-LEES, L, 83.552, 7.93, 0.30, 0.04, 0.89, -1.02, 0.23, 0, 0.000, 0.000, 14:02:48, 2022/06/14, -0.611041, 8.145973, -12.377325, -7.887789, P, D, 0.570124, 1.917651, -1.950709, 1.517509, -0.082629
15, 1, MATT-HENRY, OLLIE-POPE, R, 83.396, 9.30, -0.46, -0.04, 0.74, 0.23, 0.30, 0, 0.000, 0.000, 14:03:51, 2022/06/14, -0.469846, 6.771190, -13.545782, -9.774076, P, D, -0.794394, 1.927643, 0.204563, 2.234032, 0.006727
15, 2, MATT-HENRY, OLLIE-POPE, R, 83.676, 9.27, -0.40, -0.12, 1.27, 0.32, -0.68, 0, 0.000, 0.000, 14:04:22, 2022/06/14, -0.688939, 9.840835, -13.187538, -9.474676, P, A, -0.750797, 1.883469, 0.432413, 2.083334, 0.013766
15, 3, MATT-HENRY, OLLIE-POPE, R, 86.634, 7.21, -0.53, -0.52, 0.70, 0.39, -0.17, 0, 0.000, 0.000, 14:04:53, 2022/06/14, -0.581416, 6.965116, -11.167164, -7.819454, P, D, -0.537352, 1.917371, 0.838634, 4.114705, 0.038161
15, 4, MATT-HENRY, OLLIE-POPE, R, 84.798, 7.29, -0.33, -0.29, 0.82, 0.06, -1.54, -1, 0.000, 0.000, 14:05:25, 2022/06/14, -0.642880, 7.943521, -11.460752, -7.605727, E, D, -0.669101, 1.909572, -0.168202, 3.156301, -0.007792
15, 5, MATT-HENRY, JOE-ROOT, R, 86.541, 5.42, -0.36, -0.18, 0.56, 0.48, 0.11, 0, 0.000, 0.000, 14:07:41, 2022/06/14, -0.612287, 6.651561, -10.333068, -6.233353, P, A, -0.683792, 1.932244, 0.614549, 3.656836, 0.038460
15, 6, MATT-HENRY, JOE-ROOT, R, 85.663, 5.42, -0.12, 0.05, 0.65, 0.80, -0.33, 3, 91.000, 98.000, 14:08:12, 2022/06/14, -0.695078, 7.551180, -10.216987, -6.392635, P, A, -0.517568, 1.941209, 1.156324, 4.092409, 0.071348
16, 1, TRENT-BOULT, JOE-ROOT, R, 83.183, 6.18, -0.07, -0.39, 0.81, 0.45, -0.54, 0, 0.000, 0.000, 14:10:02, 2022/06/14, -0.710902, 8.571887, -11.164161, -6.773475, P, D, 0.498267, 1.975237, 1.265985, 3.042265, 0.073664
16, 2, TRENT-BOULT, JOE-ROOT, R, 80.970, 6.57, 0.17, -0.05, 0.84, 0.48, -0.28, -1, 0.000, 0.000, 14:10:36, 2022/06/14, -0.699278, 8.641561, -11.347181, -6.825614, E, D, 0.552168, 1.941013, 1.155084, 2.912090, 0.066478
16, 3, TRENT-BOULT, JONNY-BAIRSTOW, R, 84.399, 5.69, -0.13, -0.39, 0.75, 0.85, -0.06, 0, 0.000, 0.000, 14:14:14, 2022/06/14, -0.707664, 8.394394, -11.027522, -6.273885, N, N, 0.531676, 1.979892, 2.031206, 2.526374, 0.125547
16, 4, TRENT-BOULT, JONNY-BAIRSTOW, R, 82.427, 8.92, 0.26, -0.14, 0.91, -0.22, -0.14, 0, 0.000, 0.000, 14:14:51, 2022/06/14, -0.570733, 8.086985, -13.060773, -9.250287, P, D, 0.614454, 1.913041, -0.162090, 2.585363, -0.005877
16, 5, TRENT-BOULT, JONNY-BAIRSTOW, R, 82.207, 8.04, -0.05, -0.35, 0.98, 1.51, 0.74, 1, -51.000, 93.000, 14:15:24, 2022/06/14, -0.666658, 8.719595, -12.169447, -8.030795, E, A, 0.599079, 1.897492, 3.741707, 2.499512, 0.161566
16, 6, TRENT-BOULT, ALEX-LEES, L, 82.549, 7.40, 0.25, -0.02, 0.97, -0.82, 0.14, 0, 0.000, 0.000, 14:16:12, 2022/06/14, -0.689341, 9.096355, -12.248647, -7.309455, P, D, 0.596255, 1.939987, -1.322406, 1.375761, -0.064575
17, 1, MATT-HENRY, JONNY-BAIRSTOW, R, 84.054, 8.89, -0.40, -0.17, 0.92, 0.55, -1.06, 0, 0.000, 0.000, 14:17:37, 2022/06/14, -0.578557, 7.968477, -12.753897, -9.364653, P, D, -0.771033, 1.910540, 0.918295, 3.392116, 0.032434
17, 2, MATT-HENRY, JONNY-BAIRSTOW, R, 83.441, 8.96, -0.60, -0.43, 0.88, 0.71, -0.38, 2, -1.000, -121.000, 14:18:04, 2022/06/14, -0.563591, 7.712767, -12.745176, -9.312800, P, A, -0.773428, 1.894079, 1.491080, 3.306753, 0.052565
17, 3, MATT-HENRY, JONNY-BAIRSTOW, R, 83.813, 6.75, -0.29, -0.19, 0.76, 0.47, -0.96, 0, 0.000, 0.000, 14:18:42, 2022/06/14, -0.652826, 7.770223, -10.877473, -7.448341, P, D, -0.592351, 1.931455, 0.674471, 4.451814, 0.034938
17, 4, MATT-HENRY, JONNY-BAIRSTOW, R, 85.850, 5.65, -0.23, -0.03, 0.62, 1.41, -0.37, 0, 0.000, 0.000, 14:19:13, 2022/06/14, -0.638622, 7.103588, -10.427503, -6.422829, P, D, -0.608218, 1.933708, 2.297532, 3.746159, 0.139295
17, 5, MATT-HENRY, JONNY-BAIRSTOW, R, 84.003, 10.12, -0.38, -0.05, 1.26, 0.75, 0.70, 0, 0.000, 0.000, 14:19:41, 2022/06/14, -0.625305, 9.587919, -13.806836, -10.828085, E, D, -0.590412, 1.874487, 1.771780, 3.456255, 0.047364
17, 6, MATT-HENRY, JONNY-BAIRSTOW, R, 85.309, 6.53, -0.33, -0.06, 0.72, 1.11, 0.31, 1, -18.000, 71.000, 14:20:25, 2022/06/14, -0.653358, 7.545770, -10.755215, -7.041263, E, D, -0.638835, 1.902980, 1.885475, 3.970935, 0.101244
18, 1, TRENT-BOULT, JONNY-BAIRSTOW, R, 83.310, 5.71, -0.20, -0.54, 0.71, 0.23, -0.21, 0, 0.000, 0.000, 14:21:28, 2022/06/14, -0.671901, 8.036780, -11.247123, -6.112125, P, A, 0.526217, 1.982195, 0.925890, 2.189219, 0.059847
18, 2, TRENT-BOULT, JONNY-BAIRSTOW, R, 83.522, 6.40, -0.11, -0.42, 0.79, 0.37, 0.10, 0, 0.000, 0.000, 14:22:03, 2022/06/14, -0.690140, 8.196561, -11.155340, -6.820731, P, D, 0.520491, 1.952923, 1.152296, 3.146721, 0.066065
18, 3, TRENT-BOULT, JONNY-BAIRSTOW, R, 83.658, 4.71, -0.40, -0.54, 0.52, 2.10, 1.27, 0, 0.000, 0.000, 14:22:42, 2022/06/14, -0.601658, 6.904160, -10.631771, -5.441654, M, A, 0.513480, 1.973826, 3.959439, 2.674222, 0.297831
18, 4, TRENT-BOULT, JONNY-BAIRSTOW, R, 81.417, 4.60, -0.32, -0.63, 0.65, -0.41, -0.23, 4, 102.000, -119.000, 14:23:46, 2022/06/14, -0.719322, 8.671221, -11.030038, -4.986696, P, A, 0.466652, 1.976887, -0.124248, 1.769680, -0.009978
18, 5, TRENT-BOULT, JONNY-BAIRSTOW, R, 81.018, 7.38, -0.04, -0.44, 0.89, 0.53, -0.34, 0, 0.000, 0.000, 14:24:26, 2022/06/14, -0.649144, 8.516972, -11.972928, -7.340350, P, D, 0.531531, 1.929981, 1.485485, 2.109379, 0.073799
18, 6, TRENT-BOULT, JONNY-BAIRSTOW, R, 83.501, 12.29, 0.18, -0.64, 1.21, -0.49, 0.82, 0, 0.000, 0.000, 14:24:57, 2022/06/14, -0.448959, 8.758339, -17.818599, -14.681698, N, N, 0.587339, 1.849415, -1.107831, 0.442389, -0.016635
19, 1, MATT-HENRY, ALEX-LEES, L, 84.372, 6.70, -0.04, 0.18, 0.71, -0.30, -0.11, 0, 0.000, 0.000, 14:26:03, 2022/06/14, -0.635399, 7.334440, -10.829616, -7.531123, P, D, -0.465004, 1.940384, -0.928760, 4.769807, -0.048757
19, 2, MATT-HENRY, ALEX-LEES, L, 83.712, 3.42, -0.02, 0.08, 0.41, -1.00, 0.34, 4, 150.000, 24.000, 14:26:36, 2022/06/14, -0.665130, 6.873388, -9.787192, -5.045150, P, A, -0.529789, 1.978009, -1.794955, 3.831808, -0.157664
19, 3, MATT-HENRY, ALEX-LEES, L, 84.340, 6.65, -0.08, 0.13, 0.74, -0.49, -0.00, 0, 0.000, 0.000, 14:27:13, 2022/06/14, -0.666752, 7.622009, -10.757736, -7.437955, P, D, -0.485185, 1.929724, -1.268099, 4.815286, -0.068082
19, 4, MATT-HENRY, ALEX-LEES, L, 84.058, 3.63, -0.07, 0.05, 0.41, -0.39, 0.48, 0, 0.000, 0.000, 14:27:41, 2022/06/14, -0.647425, 6.450197, -9.374513, -5.344039, P, A, -0.494455, 1.943465, -0.866714, 4.727537, -0.072705
19, 5, MATT-HENRY, ALEX-LEES, L, 84.969, 9.04, -0.18, 0.15, 1.08, -0.53, 0.43, 1, -86.000, 129.000, 14:28:14, 2022/06/14, -0.632878, 8.908921, -12.733267, -9.625360, P, A, -0.482057, 1.907417, -1.612036, 3.849129, -0.053999
19, 6, MATT-HENRY, JONNY-BAIRSTOW, R, 83.297, 9.55, -0.40, 0.01, 0.99, -0.27, 0.94, 0, 0.000, 0.000, 14:29:07, 2022/06/14, -0.555949, 8.198021, -13.553437, -10.197822, E, D, -0.646358, 1.919811, -0.941784, 3.038980, -0.029146
20, 1, TIM-SOUTHEE, ALEX-LEES, L, 78.568, 8.00, 0.61, 0.10, 1.12, -1.41, -0.64, 0, 0.000, 0.000, 14:30:38, 2022/06/14, -0.715213, 10.123726, -12.852681, -8.797023, P, D, 1.003829, 2.043272, -2.335784, 3.507679, -0.113171
20, 2, TIM-SOUTHEE, ALEX-LEES, L, 79.339, 8.95, 0.52, -0.06, 1.20, -1.67, -0.02, 0, 0.000, 0.000, 14:31:10, 2022/06/14, -0.667475, 10.193804, -13.679876, -9.891999, P, D, 0.955854, 2.019187, -3.126037, 3.262698, -0.122779
20, 3, TIM-SOUTHEE, ALEX-LEES, L, 79.650, 6.88, 0.39, -0.04, 0.78, -1.29, 0.06, 0, 0.000, 0.000, 14:31:42, 2022/06/14, -0.622934, 8.085747, -11.837959, -7.618617, P, D, 0.968854, 2.026570, -1.843426, 3.614158, -0.105109
20, 4, TIM-SOUTHEE, ALEX-LEES, L, 80.812, 8.86, 0.40, -0.20, 1.09, -1.69, -0.35, 1, -50.000, -93.000, 14:32:17, 2022/06/14, -0.641216, 9.320661, -13.356080, -9.889314, P, A, 0.824349, 2.013580, -3.252918, 3.808154, -0.125564
20, 5, TIM-SOUTHEE, JONNY-BAIRSTOW, R, 79.886, 7.69, -0.75, -1.07, 0.89, -1.38, -0.59, 0, 0.000, 0.000, 14:33:14, 2022/06/14, -0.609519, 8.565689, -12.813017, -8.398392, M, A, -0.556215, 2.051953, -2.493407, 2.648779, -0.121245
20, 6, TIM-SOUTHEE, JONNY-BAIRSTOW, R, 79.692, 7.98, -0.54, -0.66, 0.93, -1.74, 0.27, 2, -23.000, -153.000, 14:33:48, 2022/06/14, -0.634903, 8.702477, -12.686076, -9.006977, P, A, -0.492369, 2.042815, -3.338244, 4.029383, -0.156044
21, 1, MATT-HENRY, ALEX-LEES, L, 84.023, 11.84, -0.39, 0.22, 1.48, 0.35, -0.64, 0, 0.000, 0.000, 14:34:44, 2022/06/14, -0.534134, 9.968837, -16.573866, -14.100593, N, N, -0.765212, 1.867219, 0.635474, 3.479903, 0.010845
21, 2, MATT-HENRY, ALEX-LEES, L, 82.784, 10.67, -0.20, 0.29, 1.14, -0.59, -0.17, 0, 0.000, 0.000, 14:35:13, 2022/06/14, -0.532476, 8.690687, -15.096121, -10.649764, P, D, -0.600572, 1.830813, -2.137660, -1.230681, -0.051267
21, 3, MATT-HENRY, ALEX-LEES, L, 85.790, 5.60, 0.04, 0.32, 0.66, -0.16, 0.59, 0, 0.000, 0.000, 14:35:46, 2022/06/14, -0.687667, 7.450173, -10.135308, -6.567884, P, D, -0.476578, 1.930790, -0.679505, 4.591400, -0.041579
21, 4, MATT-HENRY, ALEX-LEES, L, 84.285, 5.14, 0.19, 0.43, 0.42, -0.33, -0.01, 0, 0.000, 0.000, 14:36:19, 2022/06/14, -0.506818, 5.453117, -10.022221, -6.264344, E, D, -0.468614, 1.943558, -1.019182, 4.699292, -0.070242
21, 5, MATT-HENRY, ALEX-LEES, L, 84.306, 4.94, -0.06, 0.11, 0.49, -1.13, 0.80, 0, 0.000, 0.000, 14:36:54, 2022/06/14, -0.570475, 6.253429, -10.138066, -5.907337, P, D, -0.488003, 1.942958, -2.236547, 3.796537, -0.154008
21, 6, MATT-HENRY, ALEX-LEES, L, 81.315, 5.32, -0.05, 0.18, 0.59, -0.68, 0.67, 0, 0.000, 0.000, 14:37:27, 2022/06/14, -0.653898, 7.300571, -10.363365, -6.175933, P, D, -0.537483, 1.946390, -1.390987, 4.297706, -0.100331
22, 1, TIM-SOUTHEE, JONNY-BAIRSTOW, R, 80.489, 6.46, -0.74, -0.80, 0.67, 0.87, -0.17, 2, 21.000, -135.000, 14:38:31, 2022/06/14, -0.597124, 7.223986, -11.338316, -7.546240, P, A, -0.580166, 2.043974, 1.621248, 4.532377, 0.098102
22, 2, TIM-SOUTHEE, JONNY-BAIRSTOW, R, 81.054, 5.00, -0.28, -0.12, 0.51, 1.24, -0.06, 0, 0.000, 0.000, 14:39:10, 2022/06/14, -0.541493, 6.559080, -11.314625, -5.857397, P, A, -0.548190, 2.062988, 1.731117, 2.521809, 0.131763
22, 3, TIM-SOUTHEE, JONNY-BAIRSTOW, R, 81.761, 6.06, -0.24, -0.08, 0.66, 1.45, -0.40, 0, 0.000, 0.000, 14:40:02, 2022/06/14, -0.597777, 7.371722, -11.553419, -6.918300, P, A, -0.498071, 2.054783, 2.290171, 3.140051, 0.144911
22, 4, TIM-SOUTHEE, JONNY-BAIRSTOW, R, 79.165, 5.31, -0.63, -0.56, 0.74, 1.05, 0.46, 0, 0.000, 0.000, 14:40:47, 2022/06/14, -0.722193, 8.925263, -11.168923, -6.193024, P, A, -0.554988, 2.044093, 1.684696, 3.131346, 0.122804
22, 5, TIM-SOUTHEE, JONNY-BAIRSTOW, R, 81.433, 6.70, -0.32, -0.29, 0.81, -0.12, -0.57, 0, 0.000, 0.000, 14:41:21, 2022/06/14, -0.649088, 8.331222, -11.780853, -7.536979, P, D, -0.502997, 2.045110, -0.360433, 3.409447, -0.020313
22, 6, TIM-SOUTHEE, JONNY-BAIRSTOW, R, 81.059, 5.88, -0.54, -0.49, 0.66, 0.67, -0.25, 0, 0.000, 0.000, 14:41:54, 2022/06/14, -0.612240, 7.561189, -11.557652, -6.622867, P, D, -0.627384, 2.047459, 1.047327, 2.844469, 0.069420
23, 1, MICHAEL-BRACEWELL, ALEX-LEES, L, 52.604, 4.79, 0.60, 0.67, 0.70, -2.56, 2.89, 0, 0.000, 0.000, 14:46:45, 2022/06/14, -0.578176, 11.672287, -17.109708, -1.350657, P, A, 0.800168, 2.222352, -1.605175, -0.156418, -0.293882
23, 2, MICHAEL-BRACEWELL, ALEX-LEES, L, 50.296, 3.10, 0.27, 0.34, 0.73, -3.02, 4.95, 0, 0.000, 0.000, 14:47:06, 2022/06/14, -0.687824, 15.317610, -18.032680, 0.667635, P, D, 0.838991, 2.309974, -1.527719, -0.275405, -0.370966
23, 3, MICHAEL-BRACEWELL, ALEX-LEES, L, 49.922, 4.21, 0.34, 0.37, 0.60, -2.27, 3.36, 0, 0.000, 0.000, 14:47:26, 2022/06/14, -0.510734, 11.337058, -18.851751, 0.513000, P, A, 0.780858, 2.286913, -1.154931, -0.760431, -0.258605
23, 4, MICHAEL-BRACEWELL, ALEX-LEES, L, 55.978, 6.20, 0.47, 0.31, 0.62, -1.79, 2.20, 1, -16.000, 113.000, 14:47:48, 2022/06/14, -0.531604, 9.427159, -15.959668, -4.152243, P, A, 1.052991, 2.187876, -1.257542, 0.594519, -0.164422
23, 5, MICHAEL-BRACEWELL, JONNY-BAIRSTOW, R, 53.804, 3.09, -0.50, -0.36, 0.59, -2.04, 2.53, 1, 144.000, 40.000, 14:48:33, 2022/06/14, -0.636038, 12.451897, -16.880449, 0.071064, P, A, -0.775715, 2.231999, -1.317035, -0.286446, -0.287953
23, 6, MICHAEL-BRACEWELL, ALEX-LEES, L, 49.472, 5.64, 0.39, 0.43, 0.84, -2.42, 3.41, 0, 0.000, 0.000, 14:49:00, 2022/06/14, -0.603455, 13.628550, -18.673652, -0.992423, P, A, 0.765473, 2.226227, -1.377697, -0.817228, -0.251701
24, 1, TIM-SOUTHEE, JONNY-BAIRSTOW, R, 81.362, 7.31, -0.38, -0.30, 0.80, 1.20, -0.44, 4, 158.000, 46.000, 14:50:10, 2022/06/14, -0.589635, 7.844955, -12.411735, -8.020345, P, A, -0.475803, 2.052696, 2.181801, 2.854767, 0.112122
24, 2, TIM-SOUTHEE, JONNY-BAIRSTOW, R, 81.142, 6.94, -0.69, -0.73, 0.77, 0.34, 0.14, 1, -39.000, -137.000, 14:50:49, 2022/06/14, -0.610395, 7.966367, -12.025118, -7.772792, P, A, -0.553117, 2.046589, 0.712193, 3.380757, 0.039246
24, 3, TIM-SOUTHEE, ALEX-LEES, L, 81.634, 7.44, 0.65, 0.47, 0.86, 1.24, -0.09, 0, 0.000, 0.000, 14:51:24, 2022/06/14, -0.623947, 8.278792, -12.371604, -7.911537, E, A, 1.019595, 2.011238, 2.665060, 2.569572, 0.133032
24, 4, TIM-SOUTHEE, ALEX-LEES, L, 81.298, 6.48, 0.62, 0.49, 0.66, 1.30, -0.26, 0, 0.000, 0.000, 14:51:58, 2022/06/14, -0.559416, 7.178093, -11.874770, -7.098160, E, A, 0.944697, 2.044833, 2.507160, 2.694365, 0.149425
24, 5, TIM-SOUTHEE, ALEX-LEES, L, 80.606, 8.55, 0.52, 0.36, 0.96, 0.28, 0.88, 1, -3.000, 161.000, 14:52:34, 2022/06/14, -0.597578, 8.650068, -13.421286, -9.331190, P, A, 0.868671, 2.021270, 0.898336, 2.665220, 0.036942
24, 6, TIM-SOUTHEE, JONNY-BAIRSTOW, R, 81.355, 7.48, -0.53, -0.38, 0.73, 0.52, -0.32, 2, -102.000, -94.000, 14:53:12, 2022/06/14, -0.552748, 7.300160, -12.343661, -8.237203, P, A, -0.750902, 2.035204, 0.809903, 3.296160, 0.040366
25, 1, MICHAEL-BRACEWELL, ALEX-LEES, L, 52.703, 2.81, 0.31, 0.40, 0.45, -2.31, 4.83, 0, 0.000, 0.000, 14:54:09, 2022/06/14, -0.522398, 11.031249, -17.095129, 0.293432, P, D, 0.767956, 2.262386, -1.207175, 0.155984, -0.288594
25, 2, MICHAEL-BRACEWELL, ALEX-LEES, L, 51.498, 2.00, 0.12, 0.18, 0.20, -2.22, 5.50, 0, 0.000, 0.000, 14:54:33, 2022/06/14, -0.290676, 6.791391, -18.413447, 2.007404, P, D, 0.834073, 2.305834, -0.966699, -0.295389, -0.275153
25, 3, MICHAEL-BRACEWELL, ALEX-LEES, L, 50.074, 4.47, 0.23, 0.26, 0.79, -3.50, 4.72, 0, 0.000, 0.000, 14:54:52, 2022/06/14, -0.602678, 14.403383, -18.735693, 0.093796, P, D, 0.855003, 2.282197, -1.841521, -0.718877, -0.394886
25, 4, MICHAEL-BRACEWELL, ALEX-LEES, L, 49.336, 3.58, 0.32, 0.42, 0.56, -2.92, 5.00, 0, 0.000, 0.000, 14:55:10, 2022/06/14, -0.495735, 12.370980, -19.191135, 1.521553, P, D, 0.831335, 2.281913, -1.394248, -0.733134, -0.350537
25, 5, MICHAEL-BRACEWELL, ALEX-LEES, L, 51.123, 4.33, 0.06, 0.01, 0.79, -2.98, 3.95, 6, 176.000, -52.000, 14:55:33, 2022/06/14, -0.617176, 13.915481, -18.149661, -0.290930, P, A, 0.824823, 2.278118, -1.584130, -0.595196, -0.327693
25, 6, MICHAEL-BRACEWELL, ALEX-LEES, L, 51.907, 4.75, 0.19, 0.07, 0.72, -3.03, 2.71, 0, 0.000, 0.000, 14:56:14, 2022/06/14, -0.573880, 12.528551, -17.908898, -0.792293, P, D, 0.783845, 2.250281, -1.730678, -0.642531, -0.331075
26, 1, TIM-SOUTHEE, JONNY-BAIRSTOW, R, 80.365, 8.06, -0.48, -0.36, 0.75, 1.32, 0.55, 3, -122.000, -86.000, 14:57:26, 2022/06/14, -0.517028, 7.227522, -13.138020, -8.757721, P, A, -0.398323, 2.056301, 2.659112, 2.516946, 0.121802
26, 2, TIM-SOUTHEE, ALEX-LEES, L, 81.774, 6.99, 0.42, 0.26, 0.85, 0.88, 0.47, -1, 0.000, 0.000, 14:58:17, 2022/06/14, -0.642061, 8.398100, -12.191847, -7.616551, E, D, 0.850139, 2.048739, 1.954024, 2.657995, 0.105520
26, 3, TIM-SOUTHEE, BEN-STOKES, L, 81.139, 6.05, 0.45, 0.07, 0.56, -1.27, -0.41, 0, 0.000, 0.000, 15:01:15, 2022/06/14, -0.533602, 6.443456, -11.330883, -6.872184, P, D, 0.972374, 2.030402, -1.754476, 3.539254, -0.112942
26, 4, TIM-SOUTHEE, BEN-STOKES, L, 81.671, 5.85, 0.40, 0.27, 0.79, 1.08, 0.45, 0, 0.000, 0.000, 15:01:50, 2022/06/14, -0.690206, 8.772691, -11.774293, -6.512394, P, D, 0.888243, 2.068173, 2.154438, 2.181478, 0.140919
26, 5, TIM-SOUTHEE, BEN-STOKES, L, 82.235, 5.39, 0.61, 0.45, 0.70, 0.36, -0.78, 0, 0.000, 0.000, 15:02:28, 2022/06/14, -0.668489, 8.250764, -11.450582, -6.085535, N, N, 0.853099, 2.054521, 0.748358, 2.217790, 0.052136
26, 6, TIM-SOUTHEE, BEN-STOKES, L, 81.417, 6.72, 0.85, 0.92, 0.93, 1.59, -0.05, 0, 0.000, 0.000, 15:03:06, 2022/06/14, -0.711443, 9.250919, -11.959368, -7.392835, N, N, 0.897528, 2.042742, 2.953879, 2.705577, 0.163764
27, 1, MICHAEL-BRACEWELL, JONNY-BAIRSTOW, R, 50.568, 5.23, -0.73, -0.48, 0.86, -3.54, 4.04, 1, -5.000, -32.000, 15:04:10, 2022/06/14, -0.615810, 14.349687, -18.167278, -1.191478, P, A, -0.857709, 2.257129, -2.255474, -0.651264, -0.412934
27, 2, MICHAEL-BRACEWELL, BEN-STOKES, L, 51.158, 4.62, -0.04, -0.17, 0.68, -3.40, 3.58, 0, 0.000, 0.000, 15:05:16, 2022/06/14, -0.539659, 11.951481, -18.684908, -0.140113, P, D, 0.782712, 2.287794, -1.832881, -1.132521, -0.368157
27, 3, MICHAEL-BRACEWELL, BEN-STOKES, L, 56.641, 4.57, 0.16, 0.04, 0.73, -2.24, 2.67, 0, 0.000, 0.000, 15:05:31, 2022/06/14, -0.642307, 11.616865, -15.825227, -2.468508, P, D, 0.875930, 2.228492, -1.420926, 0.436404, -0.234875
27, 4, MICHAEL-BRACEWELL, BEN-STOKES, L, 50.441, 4.73, 0.12, 0.08, 0.98, -3.14, 4.07, 0, 0.000, 0.000, 15:05:49, 2022/06/14, -0.689014, 15.817759, -18.499327, -0.413869, P, D, 0.829235, 2.279103, -1.717513, -0.939470, -0.339338
27, 5, MICHAEL-BRACEWELL, BEN-STOKES, L, 50.325, 5.20, 0.21, 0.08, 0.80, -2.75, 2.55, 1, 114.000, -18.000, 15:06:09, 2022/06/14, -0.591666, 13.283597, -18.596393, -0.731726, P, A, 0.803266, 2.255177, -1.519829, -0.886281, -0.287964
27, 6, MICHAEL-BRACEWELL, JONNY-BAIRSTOW, R, 52.132, 3.58, -0.65, -0.28, 0.76, -3.23, 6.44, 0, 0.000, 0.000, 15:06:38, 2022/06/14, -0.641127, 14.864584, -18.252882, 0.722085, P, A, -0.912704, 2.261143, -1.940350, -1.028950, -0.432020
28, 1, TIM-SOUTHEE, BEN-STOKES, L, 82.346, 6.56, 0.44, 0.25, 0.74, 1.17, 0.31, 0, 0.000, 0.000, 15:07:47, 2022/06/14, -0.606442, 7.700907, -11.850793, -7.266435, P, D, 0.953299, 2.048227, 2.486889, 2.835014, 0.142904
28, 2, TIM-SOUTHEE, BEN-STOKES, L, 81.472, 6.38, 0.50, 0.37, 0.73, 1.35, 0.06, 6, 165.000, 44.000, 15:08:21, 2022/06/14, -0.619517, 7.724456, -11.710644, -7.020236, P, A, 0.907174, 2.035480, 2.634486, 2.889659, 0.159250
28, 3, TIM-SOUTHEE, BEN-STOKES, L, 80.780, 9.14, 0.32, 0.04, 1.13, 0.69, 1.02, 0, 0.000, 0.000, 15:09:12, 2022/06/14, -0.617282, 9.347467, -13.902423, -10.112648, P, D, 0.823337, 2.031766, 2.035042, 2.754037, 0.072893
28, 4, TIM-SOUTHEE, BEN-STOKES, L, 78.830, 7.56, 0.43, 0.38, 1.20, 1.25, 1.29, 0, 0.000, 0.000, 15:09:46, 2022/06/14, -0.767572, 10.849326, -12.684684, -8.128002, M, D, 0.863636, 2.048676, 2.737694, 2.413140, 0.135600
28, 5, TIM-SOUTHEE, BEN-STOKES, L, 79.988, 6.81, 0.46, 0.35, 0.93, 0.47, 1.02, 0, 0.000, 0.000, 15:10:37, 2022/06/14, -0.695085, 9.243193, -12.077119, -7.374735, N, N, 0.895369, 2.043238, 1.178005, 2.579115, 0.066035
28, 6, TIM-SOUTHEE, BEN-STOKES, L, 80.950, 7.18, 0.68, 0.66, 0.87, 0.72, 0.48, 0, 0.000, 0.000, 15:11:14, 2022/06/14, -0.625107, 8.463140, -12.640161, -7.293426, N, N, 0.884645, 2.019642, 1.483974, 1.161308, 0.078700
29, 1, MICHAEL-BRACEWELL, JONNY-BAIRSTOW, R, 52.103, 5.18, -0.68, -0.26, 0.81, -2.37, 4.99, 1, 1.000, 172.000, 15:12:05, 2022/06/14, -0.606100, 13.526226, -17.784725, -1.434599, P, A, -0.873210, 2.244117, -1.589933, -0.580855, -0.282541
29, 2, MICHAEL-BRACEWELL, BEN-STOKES, L, 53.060, 3.61, 0.23, 0.19, 0.91, -3.51, 3.62, 4, -68.000, 118.000, 15:12:31, 2022/06/14, -0.771307, 16.626168, -17.653675, -0.089421, P, A, 0.831914, 2.282791, -1.975242, -0.606299, -0.420411
29, 3, MICHAEL-BRACEWELL, BEN-STOKES, L, 52.535, 4.02, 0.38, 0.42, 0.72, -3.07, 4.25, 0, 0.000, 0.000, 15:13:03, 2022/06/14, -0.600582, 13.193818, -17.966022, -0.196199, P, D, 0.927673, 2.284851, -1.730658, -0.813060, -0.356079
29, 4, MICHAEL-BRACEWELL, BEN-STOKES, L, 53.389, 4.96, 0.26, 0.35, 0.58, -2.27, 4.52, 4, -108.000, 132.000, 15:13:24, 2022/06/14, -0.505984, 10.593092, -17.167864, -1.713290, P, A, 0.811981, 2.239501, -1.367345, -0.272704, -0.239394
29, 5, MICHAEL-BRACEWELL, BEN-STOKES, L, 52.491, 3.56, 0.30, 0.30, 0.58, -3.10, 3.66, 0, 0.000, 0.000, 15:14:15, 2022/06/14, -0.550191, 11.650871, -17.575189, 0.013085, P, D, 0.825879, 2.271512, -1.721379, -0.476434, -0.372800
29, 6, MICHAEL-BRACEWELL, BEN-STOKES, L, 50.425, 5.06, 0.26, 0.22, 0.78, -2.15, 3.18, 0, 0.000, 0.000, 15:14:36, 2022/06/14, -0.593310, 12.979724, -18.287089, -0.892562, P, D, 0.847123, 2.260462, -1.169475, -0.677873, -0.221822
30, 1, TIM-SOUTHEE, JONNY-BAIRSTOW, R, 78.295, 8.05, -0.55, -0.49, 1.09, 0.68, 0.02, 4, -103.000, -105.000, 15:15:40, 2022/06/14, -0.678308, 9.829219, -12.880080, -8.851066, P, A, -0.554299, 2.043561, 1.350097, 3.154550, 0.061178
30, 2, TIM-SOUTHEE, JONNY-BAIRSTOW, R, 81.260, 4.55, -0.28, -0.16, 0.57, 0.79, -0.07, 0, 0.000, 0.000, 15:16:18, 2022/06/14, -0.627487, 7.684676, -11.382741, -5.357827, P, D, -0.542262, 2.079340, 1.010444, 1.892823, 0.081976
30, 3, TIM-SOUTHEE, JONNY-BAIRSTOW, R, 81.132, 6.47, -0.17, 0.16, 0.84, 0.73, -0.03, 2, -91.000, 114.000, 15:16:49, 2022/06/14, -0.687822, 8.677494, -11.638864, -7.104575, P, A, -0.687701, 2.026163, 0.905772, 3.056129, 0.053535
30, 4, TIM-SOUTHEE, JONNY-BAIRSTOW, R, 80.874, 7.16, -0.22, 0.05, 0.90, 0.69, 0.61, 0, 0.000, 0.000, 15:17:29, 2022/06/14, -0.652175, 8.707190, -12.395679, -7.641364, M, D, -0.447173, 2.041099, 1.094182, 2.329497, 0.058371
30, 5, TIM-SOUTHEE, JONNY-BAIRSTOW, R, 80.720, 6.92, -0.38, -0.33, 0.91, 0.63, -0.49, 0, 0.000, 0.000, 15:18:03, 2022/06/14, -0.679901, 8.963375, -12.214444, -7.336615, P, D, -0.482305, 2.032499, 1.054990, 2.299836, 0.059011
30, 6, TIM-SOUTHEE, JONNY-BAIRSTOW, R, 80.415, 4.65, -0.17, -0.03, 0.57, 1.23, -0.06, 0, 0.000, 0.000, 15:18:40, 2022/06/14, -0.611025, 7.668604, -11.321450, -5.464992, P, A, -0.413996, 2.072794, 1.652122, 2.241615, 0.134751
31, 1, MICHAEL-BRACEWELL, BEN-STOKES, L, 53.294, 3.53, 0.20, 0.16, 0.82, -2.32, 3.13, 0, 0.000, 0.000, 15:19:41, 2022/06/14, -0.730818, 15.280218, -17.432268, -0.148747, P, D, 0.839586, 2.278850, -1.226493, -0.284580, -0.266227
31, 2, MICHAEL-BRACEWELL, BEN-STOKES, L, 50.863, 3.74, 0.16, 0.17, 0.57, -2.26, 4.09, 0, 0.000, 0.000, 15:19:59, 2022/06/14, -0.526741, 11.305672, -18.160101, 0.421557, P, D, 0.862280, 2.272670, -1.122570, -0.579486, -0.252458
31, 3, MICHAEL-BRACEWELL, BEN-STOKES, L, 47.166, 4.53, 0.42, 0.48, 0.77, -1.96, 3.57, 0, 0.000, 0.000, 15:20:21, 2022/06/14, -0.570079, 14.525221, -20.198677, 1.303473, P, D, 0.833560, 2.310321, -0.902234, -1.012985, -0.216014
31, 4, MICHAEL-BRACEWELL, BEN-STOKES, L, 55.562, 6.44, 0.35, 0.21, 0.99, -2.24, 2.38, 1, 132.000, -28.000, 15:20:49, 2022/06/14, -0.668751, 13.235622, -16.649831, -3.947023, P, A, 0.849383, 2.196140, -1.665276, -0.258484, -0.211698
31, 5, MICHAEL-BRACEWELL, JONNY-BAIRSTOW, R, 53.228, 2.54, -0.64, -0.70, 0.52, -3.55, 0.00, 1, -90.000, -95.000, 15:21:28, 2022/06/14, -0.650000, 12.586407, -18.072980, 1.236024, P, A, -0.792420, 2.295790, -2.008627, -0.748797, -0.499114
31, 6, MICHAEL-BRACEWELL, BEN-STOKES, L, 59.364, 5.86, 0.25, 0.14, 0.84, -1.25, 2.23, 4, 81.000, -80.000, 15:21:58, 2022/06/14, -0.656513, 11.452577, -14.989443, -4.461891, P, A, 0.806460, 2.177117, -0.901452, 0.959916, -0.111162
32, 1, TRENT-BOULT, JONNY-BAIRSTOW, R, 82.331, 12.53, -0.97, -0.40, 1.54, 0.70, -0.46, 0, 0.000, 0.000, 15:23:41, 2022/06/14, -0.503981, 10.343735, -18.258584, -15.415087, N, N, -1.235092, 1.842026, 2.170674, 1.195023, 0.030219
32, 2, TRENT-BOULT, JONNY-BAIRSTOW, R, 78.704, 7.65, -0.90, -0.73, 0.97, -0.36, -0.26, 4, -138.000, -19.000, 15:24:20, 2022/06/14, -0.667007, 9.155260, -12.374222, -7.489646, E, A, -1.208917, 1.938745, -0.927444, 1.857005, -0.046436
32, 3, TRENT-BOULT, JONNY-BAIRSTOW, R, 78.665, 6.55, -0.78, -0.56, 0.91, -0.89, 0.20, 2, 74.000, -78.000, 15:25:02, 2022/06/14, -0.719404, 9.284809, -11.397682, -6.675739, P, A, -1.213959, 1.945136, -1.926204, 2.511318, -0.110580
32, 4, TRENT-BOULT, JONNY-BAIRSTOW, R, 83.315, 8.24, 0.21, -0.01, 0.97, 0.51, 0.16, 1, -4.000, 146.000, 15:27:46, 2022/06/14, -0.625884, 8.361131, -12.567184, -8.403953, P, A, 0.562068, 1.951760, 1.416418, 2.216499, 0.058073
32, 5, TRENT-BOULT, BEN-STOKES, L, 83.713, 11.20, 0.32, -0.00, 1.75, -0.28, -0.04, 1, -77.000, -96.000, 15:28:35, 2022/06/14, -0.637919, 11.532328, -16.527744, -12.139950, P, A, 0.496566, 1.889161, -0.653624, -2.350450, -0.013134
32, 6, TRENT-BOULT, JONNY-BAIRSTOW, R, 83.393, 7.94, -0.17, -0.56, 0.92, 0.63, 0.38, 1, 4.000, -140.000, 15:29:13, 2022/06/14, -0.654529, 8.305472, -11.788599, -8.628635, P, A, 0.468632, 1.950800, 1.887085, 4.615923, 0.081827
33, 1, MATT-HENRY, JONNY-BAIRSTOW, R, 81.004, 9.23, -0.39, -0.19, 1.12, -1.05, 0.33, 0, 0.000, 0.000, 15:30:31, 2022/06/14, -0.614878, 9.362410, -13.848349, -9.025879, P, D, -0.623073, 1.900918, -2.598819, 0.190977, -0.091586
33, 2, MATT-HENRY, JONNY-BAIRSTOW, R, 83.784, 7.50, -0.35, -0.18, 0.84, -0.11, -0.24, 1, 11.000, -59.000, 15:31:03, 2022/06/14, -0.633240, 7.950753, -11.765016, -7.694736, P, A, -0.640702, 1.920154, -0.478306, 2.884222, -0.022360
33, 3, MATT-HENRY, BEN-STOKES, L, 84.221, 6.65, 0.08, 0.57, 0.75, 0.44, 0.75, 0, 0.000, 0.000, 15:31:50, 2022/06/14, -0.644456, 7.756200, -11.006808, -7.217475, N, N, -0.550284, 1.929601, 0.351164, 3.697815, 0.018237
33, 4, MATT-HENRY, BEN-STOKES, L, 83.723, 8.22, -0.16, -0.12, 0.75, 0.33, -1.20, 0, 0.000, 0.000, 15:32:25, 2022/06/14, -0.532737, 7.084650, -12.343264, -8.287183, M, D, -0.519153, 1.898829, 0.390936, 2.319809, 0.015806
33, 5, MATT-HENRY, JONNY-BAIRSTOW, R, 83.871, 8.02, -0.27, 0.08, 0.87, -0.02, 0.10, 1, 20.000, 138.000, 15:34:09, 2022/06/14, -0.596266, 7.976551, -12.483655, -7.931720, P, A, -0.695725, 1.908120, -0.438346, 1.377542, -0.018422
33, 6, MATT-HENRY, BEN-STOKES, L, 83.324, 6.52, -0.03, 0.19, 0.80, 0.14, -0.49, 4, 158.000, 55.000, 15:34:48, 2022/06/14, -0.712910, 8.297072, -10.759785, -7.294124, P, A, -0.490384, 1.928451, -0.099697, 4.592930, -0.005471
34, 1, TRENT-BOULT, JONNY-BAIRSTOW, R, 84.323, 7.62, 0.11, -0.16, 1.00, 0.13, -0.03, 1, -0.000, -12.000, 15:36:24, 2022/06/14, -0.687253, 8.869047, -12.192395, -7.886633, P, A, 0.487406, 1.972114, 0.604173, 2.235848, 0.027303
34, 2, TRENT-BOULT, BEN-STOKES, L, 82.698, 0.23, 0.26, 0.25, 0.03, -1.10, 0.00, 0, 0.000, 0.000, 15:37:34, 2022/06/14, -0.650000, 7.093652, -10.308265, -2.692434, P, D, 0.494299, 2.001284, -1.144034, 1.889959, -0.157647
34, 3, TRENT-BOULT, BEN-STOKES, L, 83.110, 12.54, 0.42, 0.26, 1.72, -0.37, 0.02, 0, 0.000, 0.000, 15:38:07, 2022/06/14, -0.538222, 10.979126, -18.660012, -15.667188, N, N, 0.498030, 1.865331, -1.207513, 0.692101, -0.016930
34, 4, TRENT-BOULT, BEN-STOKES, L, 85.066, 6.92, 0.18, 0.04, 0.70, -1.04, 1.04, 0, 0.000, 0.000, 15:38:44, 2022/06/14, -0.563265, 7.053789, -11.671777, -6.973973, P, D, 0.447909, 1.942308, -1.845304, 1.774879, -0.092809
34, 5, TRENT-BOULT, BEN-STOKES, L, 83.383, 1.94, 0.01, -0.03, 0.20, -0.78, 0.92, 0, 0.000, 0.000, 15:39:20, 2022/06/14, -0.558841, 5.372696, -9.895632, -3.853324, P, D, 0.438763, 1.977675, -0.782410, 2.877776, -0.086238
34, 6, TRENT-BOULT, BEN-STOKES, L, 83.971, 8.05, 0.37, 0.24, 1.08, -0.05, 0.13, 0, 0.000, 0.000, 15:40:39, 2022/06/14, -0.711006, 9.396582, -12.089736, -8.545636, N, N, 0.549958, 1.948444, 0.066125, 3.641473, 0.002776
35, 1, MATT-HENRY, JONNY-BAIRSTOW, R, 83.658, 12.13, -0.43, -0.12, 1.79, -1.16, 0.37, 0, 0.000, 0.000, 16:01:04, 2022/06/14, -0.617489, 11.657701, -16.815088, -14.908475, N, N, -0.610179, 1.829628, -4.294439, 5.320302, -0.067764
35, 2, MATT-HENRY, JONNY-BAIRSTOW, R, 83.100, 12.10, -0.50, -0.11, 1.83, 0.57, 0.35, 4, -56.000, 93.000, 16:01:36, 2022/06/14, -0.620314, 11.852091, -16.850982, -14.953656, P, A, -0.619428, 1.851527, 1.801915, 5.384192, 0.028649
35, 3, MATT-HENRY, JONNY-BAIRSTOW, R, 85.308, 10.48, -0.38, -0.11, 1.25, 0.69, -0.64, 4, -24.000, 175.000, 16:02:25, 2022/06/14, -0.587094, 9.063334, -14.444704, -11.246946, P, A, -0.611470, 1.878554, 1.706772, 2.277512, 0.040630
35, 4, MATT-HENRY, JONNY-BAIRSTOW, R, 84.400, 12.04, 0.47, -0.46, 1.64, 0.36, 0.09, 1, 42.000, 168.000, 16:03:09, 2022/06/14, -0.577488, 10.669300, -16.701830, -14.832289, P, A, 0.974083, 1.855165, 2.079563, 5.349350, 0.032271
35, 5, MATT-HENRY, BEN-STOKES, L, 83.335, 10.91, -0.19, 0.62, 1.40, 0.45, -0.51, 4, -91.000, 156.000, 16:04:12, 2022/06/14, -0.603111, 9.917801, -15.165564, -12.317509, P, A, -0.650649, 1.892037, 0.749846, 3.182039, 0.016528
35, 6, MATT-HENRY, BEN-STOKES, L, 85.110, 5.41, 0.12, 0.44, 0.60, 0.70, 0.30, 0, 0.000, 0.000, 16:04:51, 2022/06/14, -0.643425, 7.118859, -10.434270, -6.264804, P, A, -0.470557, 1.947020, 0.793640, 3.655378, 0.050644
36, 1, TRENT-BOULT, JONNY-BAIRSTOW, R, 82.069, 6.57, 0.04, -0.27, 0.80, 0.18, -0.28, 0, 0.000, 0.000, 16:06:48, 2022/06/14, -0.661789, 8.231854, -11.712616, -6.787590, P, D, 0.555043, 1.975958, 0.703456, 2.192972, 0.040519
36, 2, TRENT-BOULT, JONNY-BAIRSTOW, R, 82.634, 7.59, -0.23, -0.88, 0.95, 0.20, -0.80, 1, -45.000, -131.000, 16:07:21, 2022/06/14, -0.675904, 8.780283, -12.177902, -7.822625, P, A, 0.550171, 1.954699, 1.061582, 2.483095, 0.050431
36, 3, TRENT-BOULT, BEN-STOKES, L, 82.609, 10.70, 0.19, -0.28, 1.57, -0.85, 0.43, 1, -21.000, 5.000, 16:08:06, 2022/06/14, -0.673942, 11.020832, -15.067602, -11.809981, E, A, 0.509425, 1.888785, -1.981537, 2.390796, -0.047733
36, 4, TRENT-BOULT, JONNY-BAIRSTOW, R, 82.620, 6.25, -0.26, -0.73, 0.75, -0.61, -0.41, 6, 193.000, -59.000, 16:08:47, 2022/06/14, -0.647019, 8.063669, -11.429750, -6.539715, P, A, 0.492400, 1.963210, -0.535498, 2.205070, -0.031430
36, 5, TRENT-BOULT, JONNY-BAIRSTOW, R, 82.839, -0.03, -0.38, -0.37, 0.03, -2.16, -0.00, 1, 71.000, -60.000, 16:09:27, 2022/06/14, -0.650000, 6.696956, -9.737821, -2.694737, P, A, 0.437541, 1.966867, -2.076031, 2.597221, -0.292509
36, 6, TRENT-BOULT, BEN-STOKES, L, 83.962, 8.02, 0.46, 0.46, 1.01, -0.50, 0.58, 4, -144.000, 72.000, 16:10:05, 2022/06/14, -0.666913, 8.887217, -12.377834, -8.103594, E, A, 0.521778, 1.929952, -1.034798, 1.946177, -0.043187
37, 1, MATT-HENRY, JONNY-BAIRSTOW, R, 84.224, 12.01, 0.51, -0.13, 1.68, -0.66, 1.07, 6, -74.000, 211.000, 16:11:18, 2022/06/14, -0.576106, 10.825437, -16.990282, -14.642392, P, A, 0.845615, 1.870935, -1.862584, 3.486164, -0.028905
37, 2, MATT-HENRY, JONNY-BAIRSTOW, R, 83.519, 12.43, 0.52, -0.58, 1.51, -0.49, 0.32, 0, 0.000, 0.000, 16:12:00, 2022/06/14, -0.551087, 10.628393, -17.295296, -15.863437, M, A, 0.999662, 1.846738, -1.059707, 6.817350, -0.014648
37, 3, MATT-HENRY, JONNY-BAIRSTOW, R, 85.300, 12.42, 0.50, -0.26, 1.83, -0.97, 1.90, 0, 0.000, 0.000, 16:12:30, 2022/06/14, -0.577274, 11.384054, -17.798568, -15.318609, M, A, 0.994647, 1.834122, -2.887818, 2.468528, -0.039697
37, 4, MATT-HENRY, JONNY-BAIRSTOW, R, 84.365, 12.11, 0.52, -0.17, 1.57, -0.16, 0.88, 6, -37.000, 195.000, 16:13:21, 2022/06/14, -0.546596, 10.271221, -16.510299, -15.248039, P, A, 1.003261, 1.857904, 0.185009, 7.506933, 0.002625
37, 5, MATT-HENRY, JONNY-BAIRSTOW, R, 83.619, 9.18, -0.31, -0.08, 1.10, 0.63, -1.35, 0, 0.000, 0.000, 16:15:10, 2022/06/14, -0.625261, 8.919346, -13.236690, -9.425712, P, D, -0.700064, 1.900902, 1.143834, 2.022950, 0.037591
37, 6, MATT-HENRY, JONNY-BAIRSTOW, R, 84.520, 9.20, -0.47, 0.06, 1.11, 0.16, 1.11, 0, 0.000, 0.000, 16:15:40, 2022/06/14, -0.624918, 9.056209, -13.186718, -9.166806, M, D, -0.784089, 1.872108, 0.069711, 1.413790, 0.002271
38, 1, TRENT-BOULT, JONNY-BAIRSTOW, R, 81.405, 8.65, -0.61, -0.21, 1.10, 0.20, -0.76, 6, 14.000, 191.000, 16:17:31, 2022/06/14, -0.640405, 9.345040, -13.321086, -8.732527, P, A, -1.168693, 1.941413, -0.069243, 0.867025, -0.002610
38, 2, TRENT-BOULT, JONNY-BAIRSTOW, R, 81.931, 6.22, -0.52, -0.19, 0.81, -0.72, 0.27, 0, 0.000, 0.000, 16:18:10, 2022/06/14, -0.692220, 8.567273, -11.469320, -6.418737, P, D, -1.172956, 1.960319, -1.793640, 1.948608, -0.106114
38, 3, TRENT-BOULT, JONNY-BAIRSTOW, R, 84.284, 12.30, -0.80, -0.07, 1.80, 0.37, -0.75, 6, -162.000, 116.000, 16:18:40, 2022/06/14, -0.585829, 11.346690, -17.724537, -14.661638, P, A, -1.197854, 1.819825, 0.725135, 0.545469, 0.010666
38, 4, TRENT-BOULT, JONNY-BAIRSTOW, R, 84.682, 6.14, -0.47, -0.10, 0.71, 0.53, -0.25, 0, 0.000, 0.000, 16:19:21, 2022/06/14, -0.646037, 7.653907, -11.072343, -6.600898, P, D, -1.194139, 1.956054, 0.424924, 2.868771, 0.024782
38, 5, TRENT-BOULT, JONNY-BAIRSTOW, R, 84.554, 3.29, -0.65, -0.51, 0.40, -0.34, 0.12, 0, 0.000, 0.000, 16:20:16, 2022/06/14, -0.629058, 6.777738, -10.366530, -4.222450, P, A, -1.268657, 1.957677, -0.874035, 1.802984, -0.078460
38, 6, TRENT-BOULT, JONNY-BAIRSTOW, R, 81.521, 7.93, -0.81, -0.70, 1.02, -0.82, -1.03, 4, -90.000, -74.000, 16:21:08, 2022/06/14, -0.647855, 9.077379, -12.443507, -7.899651, E, A, -1.224622, 1.931587, -2.217375, 1.128458, -0.090970
39, 1, MATT-HENRY, BEN-STOKES, L, 84.170, 2.94, 0.15, 0.27, 0.35, -0.16, -0.13, 0, 0.000, 0.000, 16:22:36, 2022/06/14, -0.654226, 6.523994, -9.513118, -4.759476, P, D, -0.503707, 1.956909, -0.615340, 4.028756, -0.057874
39, 2, MATT-HENRY, BEN-STOKES, L, 71.202, 5.03, 0.34, 0.69, 0.69, -0.42, 0.43, 1, 44.000, 109.000, 16:23:38, 2022/06/14, -0.652510, 9.187621, -12.813038, -3.609482, P, A, -0.515253, 1.948922, -0.933004, -0.440182, -0.091451
39, 3, MATT-HENRY, JONNY-BAIRSTOW, R, 84.593, 4.91, -0.50, -0.36, 0.56, 0.75, 0.33, 4, 99.000, -114.000, 16:24:36, 2022/06/14, -0.638244, 7.035863, -10.349082, -5.920607, P, A, -0.713277, 1.972077, 1.096425, 3.598755, 0.077249
39, 4, MATT-HENRY, JONNY-BAIRSTOW, R, 83.766, 8.14, -0.31, -0.05, 1.03, 0.58, -0.40, 0, 0.000, 0.000, 16:25:16, 2022/06/14, -0.678469, 8.919894, -12.296956, -8.197665, P, D, -0.632972, 1.903214, 0.958584, 2.244754, 0.039148
39, 5, MATT-HENRY, JONNY-BAIRSTOW, R, 83.432, 8.82, -0.52, -0.36, 1.16, 0.21, -0.35, 4, -88.000, -109.000, 16:25:48, 2022/06/14, -0.685319, 9.525585, -12.719619, -8.998908, P, A, -0.730301, 1.895516, 0.275784, 2.688272, 0.009971
39, 6, MATT-HENRY, JONNY-BAIRSTOW, R, 83.095, 6.20, -0.36, -0.26, 0.67, 0.34, -0.72, 0, 0.000, 0.000, 16:26:24, 2022/06/14, -0.628922, 7.371163, -10.968212, -6.547869, P, A, -0.655252, 1.923764, 0.385990, 3.149159, 0.023074
40, 1, TIM-SOUTHEE, BEN-STOKES, L, 81.014, 7.26, 0.53, 0.26, 1.42, 0.61, 0.05, 0, 0.000, 0.000, 16:27:44, 2022/06/14, -0.921648, 12.776072, -12.235651, -7.847127, E, D, 1.014399, 2.027897, 1.504759, 2.954847, 0.078907
40, 2, TIM-SOUTHEE, BEN-STOKES, L, 81.579, 7.51, 0.51, 0.05, 0.88, 0.43, -1.06, 0, 0.000, 0.000, 16:28:19, 2022/06/14, -0.630978, 8.276098, -12.368288, -8.188006, P, D, 1.010615, 2.030855, 1.226137, 3.106154, 0.060623
40, 3, TIM-SOUTHEE, BEN-STOKES, L, 81.012, 10.53, 0.51, -0.02, 1.63, -0.21, 0.70, 2, 25.000, -126.000, 16:28:58, 2022/06/14, -0.655279, 11.540493, -15.964071, -11.359111, P, A, 0.973143, 1.965742, -0.045573, -0.994635, -0.001177
40, 4, TIM-SOUTHEE, BEN-STOKES, L, 79.358, 8.33, -0.03, -0.76, 1.19, 0.51, 0.26, 0, 0.000, 0.000, 16:29:38, 2022/06/14, -0.709384, 10.302688, -13.202716, -9.121123, P, D, 0.909293, 2.049974, 1.791716, 3.159338, 0.080555
40, 5, TIM-SOUTHEE, BEN-STOKES, L, 80.946, 8.54, 0.52, 0.42, 0.86, -0.05, 1.37, 0, 0.000, 0.000, 16:30:10, 2022/06/14, -0.559255, 7.739507, -13.078395, -9.270519, M, A, 0.857893, 2.006775, 0.199940, 3.239898, 0.008204
40, 6, TIM-SOUTHEE, BEN-STOKES, L, 79.885, 8.14, 0.40, 0.23, 1.01, 0.26, 1.48, 4, 76.000, 161.000, 16:30:46, 2022/06/14, -0.649521, 9.016097, -13.050395, -8.475271, P, A, 0.885707, 2.007190, 0.914157, 2.114360, 0.041666
41, 1, MICHAEL-BRACEWELL, JONNY-BAIRSTOW, R, 48.389, 6.49, -0.66, 0.23, 0.85, -1.41, 6.93, 2, 24.000, -120.000, 16:32:35, 2022/06/14, -0.611552, 16.544446, -19.048501, -1.954433, P, A, -0.964412, 2.234401, -0.967474, -0.797368, -0.160076
41, 2, MICHAEL-BRACEWELL, JONNY-BAIRSTOW, R, 50.830, 6.55, -0.63, -0.16, 0.73, -2.25, 4.12, 1, -49.000, -123.000, 16:33:17, 2022/06/14, -0.546019, 11.989579, -18.493536, -2.476239, P, A, -0.857342, 2.216990, -1.628653, -1.142591, -0.242302
41, 3, MICHAEL-BRACEWELL, BEN-STOKES, L, 50.406, 4.93, 0.23, 0.22, 1.02, -2.17, 3.45, 0, 0.000, 0.000, 16:34:06, 2022/06/14, -0.706662, 16.047979, -18.540355, -0.583943, P, D, 0.806054, 2.270361, -1.148060, -0.726591, -0.226427
41, 4, MICHAEL-BRACEWELL, BEN-STOKES, L, 48.979, 3.89, 0.29, 0.24, 0.60, -2.95, 2.77, 0, 0.000, 0.000, 16:34:26, 2022/06/14, -0.526448, 11.879055, -19.271499, 1.046127, P, A, 0.808478, 2.311618, -1.436000, -0.738396, -0.346429
41, 5, MICHAEL-BRACEWELL, BEN-STOKES, L, 52.359, 5.57, 0.15, 0.07, 0.95, -2.15, 3.26, 0, 0.000, 0.000, 16:34:51, 2022/06/14, -0.655482, 14.195733, -17.956982, -1.881266, P, D, 0.807107, 2.250270, -1.270162, -0.854163, -0.209893
41, 6, MICHAEL-BRACEWELL, BEN-STOKES, L, 51.729, 4.19, 0.42, 0.61, 0.80, -2.73, 5.84, 0, 0.000, 0.000, 16:35:07, 2022/06/14, -0.637650, 14.514955, -17.989794, -0.392817, N, N, 0.900458, 2.280868, -1.513902, -0.509278, -0.313803
42, 1, TIM-SOUTHEE, JONNY-BAIRSTOW, R, 80.571, 7.96, -0.43, -0.26, 1.06, 0.70, 0.58, 0, 0.000, 0.000, 16:36:33, 2022/06/14, -0.679587, 9.500253, -12.813097, -8.467099, P, D, -0.472272, 2.018390, 1.353835, 2.520172, 0.062167
42, 2, TIM-SOUTHEE, JONNY-BAIRSTOW, R, 81.322, 8.06, -0.60, -0.75, 1.24, -0.01, -0.06, 0, 0.000, 0.000, 16:37:12, 2022/06/14, -0.744326, 10.794160, -13.062319, -8.546650, P, A, -0.415028, 2.026829, 0.137970, 2.035198, 0.006164
42, 3, TIM-SOUTHEE, JONNY-BAIRSTOW, R, 80.313, 7.96, -0.49, -0.43, 1.09, 0.08, 0.71, 3, -120.000, -58.000, 16:37:49, 2022/06/14, -0.687423, 9.807174, -12.704110, -8.584999, P, A, -0.422661, 2.021295, 0.219454, 2.789556, 0.009790
42, 4, TIM-SOUTHEE, BEN-STOKES, L, 82.997, 8.14, 0.38, 0.16, 0.86, 0.13, 1.10, 1, -29.000, 146.000, 16:39:02, 2022/06/14, -0.578592, 7.830516, -12.664782, -8.877911, P, A, 0.857926, 2.010811, 0.702238, 3.254353, 0.029735
42, 5, TIM-SOUTHEE, JONNY-BAIRSTOW, R, 81.958, 7.16, -0.42, -0.13, 0.77, 0.70, 0.25, 0, 0.000, 0.000, 16:39:59, 2022/06/14, -0.575073, 7.719543, -12.310808, -7.768063, P, D, -0.755739, 2.046211, 1.057012, 2.501544, 0.054629
42, 6, TIM-SOUTHEE, JONNY-BAIRSTOW, R, 81.109, 7.68, -0.58, -0.57, 0.89, 0.60, 0.13, 4, 116.000, -120.000, 16:40:37, 2022/06/14, -0.621592, 8.487009, -12.681424, -8.294646, P, A, -0.507029, 2.027515, 1.227950, 2.639500, 0.059306
43, 1, MICHAEL-BRACEWELL, BEN-STOKES, L, 49.954, 2.60, 0.15, -0.01, 0.56, -2.01, 0.00, 1, 125.000, -46.000, 16:41:50, 2022/06/14, -0.650000, 13.525983, -19.370930, 2.176444, P, A, 0.828532, 2.336192, -0.855234, -0.768100, -0.237662
43, 2, MICHAEL-BRACEWELL, JONNY-BAIRSTOW, R, 53.760, 5.48, -0.70, -0.18, 0.57, -2.36, 5.59, 0, 0.000, 0.000, 16:42:25, 2022/06/14, -0.487792, 10.329403, -17.392745, -2.155871, E, A, -0.908293, 2.233527, -1.730512, -0.715061, -0.275293
43, 3, MICHAEL-BRACEWELL, JONNY-BAIRSTOW, R, 53.765, 4.45, -0.58, -0.30, 0.81, -2.67, 4.39, 6, 104.000, 187.000, 16:42:45, 2022/06/14, -0.662712, 13.194055, -17.263338, -1.168159, P, A, -0.729054, 2.260350, -1.780728, -0.425182, -0.332273
43, 4, MICHAEL-BRACEWELL, JONNY-BAIRSTOW, R, 51.179, 5.31, -0.65, -0.06, 1.04, -1.73, 6.42, 6, 69.000, 215.000, 16:43:24, 2022/06/14, -0.684714, 17.209057, -18.171432, -1.224552, P, A, -0.827930, 2.244292, -1.140027, -0.734297, -0.205524
43, 5, MICHAEL-BRACEWELL, JONNY-BAIRSTOW, R, 49.907, 4.08, -0.54, -0.16, 0.80, -2.05, 5.31, 4, 64.000, 131.000, 16:44:00, 2022/06/14, -0.629377, 14.681098, -18.461273, 0.062864, P, A, -0.787662, 2.309765, -1.244126, -0.708295, -0.269347
43, 6, MICHAEL-BRACEWELL, JONNY-BAIRSTOW, R, 50.655, 5.01, -0.66, -0.38, 1.09, -2.28, 3.61, 0, 0.000, 0.000, 16:44:37, 2022/06/14, -0.731839, 16.667336, -18.366832, -0.789598, P, D, -0.828962, 2.264495, -1.445898, -0.818099, -0.274825
44, 1, TIM-SOUTHEE, BEN-STOKES, L, 81.489, 8.64, 0.34, 0.04, 1.11, 0.17, 1.12, 0, 0.000, 0.000, 16:46:13, 2022/06/14, -0.657467, 9.531592, -13.359605, -9.460273, P, D, 0.879469, 2.016028, 0.845400, 2.899022, 0.033594
44, 2, TIM-SOUTHEE, BEN-STOKES, L, 80.574, 8.68, 0.43, 0.07, 1.34, 0.72, 0.06, 1, -103.000, 136.000, 16:46:47, 2022/06/14, -0.761964, 10.988398, -13.095960, -9.536569, P, A, 0.895287, 2.003813, 1.961835, 3.686367, 0.078233
44, 3, TIM-SOUTHEE, JONNY-BAIRSTOW, R, 82.037, 5.41, -0.25, -0.12, 0.59, 0.51, 0.31, 0, 0.000, 0.000, 16:47:50, 2022/06/14, -0.604160, 7.104978, -11.051147, -6.378616, P, A, -0.413975, 2.040872, 0.724043, 3.370563, 0.050387
44, 4, TIM-SOUTHEE, JONNY-BAIRSTOW, R, 76.088, 8.30, -0.48, -0.32, 1.06, -0.46, 0.69, 1, -67.000, -21.000, 16:48:24, 2022/06/14, -0.655595, 9.631064, -13.519957, -8.232331, P, A, -0.585316, 1.994855, -0.922235, 1.314564, -0.044635
44, 5, TIM-SOUTHEE, BEN-STOKES, L, 80.088, 6.85, 0.20, -0.25, 0.90, 0.40, 0.63, 0, 0.000, 0.000, 16:49:08, 2022/06/14, -0.693755, 9.019362, -12.009117, -7.335696, P, D, 1.104243, 2.011588, 1.418177, 2.603886, 0.079033
44, 6, TIM-SOUTHEE, BEN-STOKES, L, 81.896, 6.10, 0.36, 0.11, 0.66, 0.84, 0.35, 6, 164.000, 47.000, 16:49:37, 2022/06/14, -0.596171, 7.382969, -11.537375, -6.763085, P, A, 1.022566, 2.031034, 1.924129, 2.856923, 0.120920
45, 1, MICHAEL-BRACEWELL, JONNY-BAIRSTOW, R, 51.188, 6.71, -0.89, -0.52, 1.49, -2.16, 4.15, 0, 0.000, 0.000, 16:53:07, 2022/06/14, -0.805053, 19.743550, -18.330351, -3.148306, M, A, -0.895645, 2.243552, -1.547620, -0.850868, -0.220513
45, 2, MICHAEL-BRACEWELL, JONNY-BAIRSTOW, R, 51.326, 7.51, -0.92, -0.63, 0.85, -2.02, 3.04, 4, 81.000, -161.000, 16:53:29, 2022/06/14, -0.588406, 13.392124, -18.399598, -4.043572, P, A, -0.958819, 2.202276, -1.575496, -1.107449, -0.193255
45, 3, MICHAEL-BRACEWELL, JONNY-BAIRSTOW, R, 51.392, 4.75, -0.68, -0.36, 0.56, -3.00, 4.29, 1, -23.000, -43.000, 16:54:00, 2022/06/14, -0.475548, 10.803779, -18.241327, -0.588277, P, A, -0.931930, 2.265622, -1.957410, -1.131964, -0.369544
45, 4, MICHAEL-BRACEWELL, BEN-STOKES, L, 51.487, 4.13, 0.13, 0.11, 0.63, -2.65, 3.84, 0, 0.000, 0.000, 16:54:33, 2022/06/14, -0.541768, 11.795414, -18.189050, -0.059250, P, D, 0.818931, 2.284331, -1.388420, -0.629501, -0.294829
45, 5, MICHAEL-BRACEWELL, BEN-STOKES, L, 53.945, 6.92, 0.30, 0.03, 0.80, -1.98, 1.47, 4, 65.000, -114.000, 16:54:54, 2022/06/14, -0.591072, 11.362885, -16.542097, -4.929636, P, A, 0.827580, 2.205536, -1.495491, 0.316458, -0.176078
45, 6, MICHAEL-BRACEWELL, BEN-STOKES, L, 48.910, 5.18, 0.21, 0.10, 0.85, -2.44, 2.82, 6, 180.000, -72.000, 16:55:24, 2022/06/14, -0.594785, 14.346781, -19.552811, -0.150213, P, A, 0.846314, 2.304898, -1.247633, -1.204722, -0.251263
46, 1, TRENT-BOULT, JONNY-BAIRSTOW, R, 80.364, 11.37, 0.34, -0.25, 1.66, -0.19, -0.11, 4, -94.000, 127.000, 16:57:04, 2022/06/14, -0.640757, 11.889037, -15.920480, -13.243658, P, A, 0.675272, 1.899850, -0.140184, 3.849997, -0.002996
46, 2, TRENT-BOULT, JONNY-BAIRSTOW, R, 83.039, 3.16, 0.16, 0.09, 0.37, -0.61, 0.34, 4, -70.000, 161.000, 16:58:47, 2022/06/14, -0.609719, 6.605981, -10.164386, -4.483366, P, A, 0.490260, 1.983328, -0.669320, 2.727696, -0.062470
46, 3, TRENT-BOULT, JONNY-BAIRSTOW, R, 84.771, 7.68, -0.09, -0.52, 0.80, -0.37, 0.06, -1, 0.000, 0.000, 16:59:27, 2022/06/14, -0.604024, 7.528640, -11.719400, -8.250398, E, D, 0.474988, 1.943161, -0.269109, 3.940698, -0.011932
46, 4, TRENT-BOULT, BEN-FOAKES, R, 84.919, 6.80, 0.11, -0.23, 0.86, -0.15, -0.71, 0, 0.000, 0.000, 17:02:39, 2022/06/14, -0.696706, 8.463791, -11.302090, -7.225534, P, D, 0.512927, 1.950456, 0.052309, 3.162770, 0.002701
46, 5, TRENT-BOULT, BEN-FOAKES, R, 83.480, 7.55, -0.30, -0.98, 0.82, -0.37, -0.68, 0, 0.000, 0.000, 17:03:20, 2022/06/14, -0.621582, 7.885065, -11.689529, -7.991793, P, A, 0.488393, 1.937433, -0.074923, 3.679288, -0.003492
46, 6, TRENT-BOULT, BEN-FOAKES, R, 84.257, 6.27, 0.01, -0.30, 0.66, -0.08, -0.40, 0, 0.000, 0.000, 17:03:59, 2022/06/14, -0.608666, 7.113084, -10.952959, -6.706263, P, D, 0.518548, 1.940724, 0.252191, 3.259605, 0.014513
47, 1, MATT-HENRY, BEN-STOKES, L, 82.313, 5.56, 0.14, 0.46, 0.66, 0.31, 0.47, 1, 33.000, 52.000, 17:05:08, 2022/06/14, -0.708306, 7.927259, -10.363512, -6.573320, P, A, -0.457892, 1.943861, 0.092114, 4.730680, 0.006252
47, 2, MATT-HENRY, BEN-FOAKES, R, 82.322, 10.25, -0.55, -0.27, 1.06, -0.02, 0.87, 4, 66.000, 89.000, 17:06:00, 2022/06/14, -0.565311, 8.546589, -13.942455, -10.888104, P, A, -0.643551, 1.851884, -0.158815, 3.398531, -0.004297
47, 3, MATT-HENRY, BEN-FOAKES, R, 83.215, 5.25, -0.30, -0.15, 0.49, 0.77, 0.08, 1, 83.000, 31.000, 17:06:45, 2022/06/14, -0.568296, 6.361625, -10.268009, -6.291920, P, A, -0.551586, 1.946234, 1.119446, 4.300627, 0.076078
47, 4, MATT-HENRY, BEN-STOKES, L, 84.409, 4.85, 0.10, 0.29, 0.57, 0.35, -0.22, 0, 0.000, 0.000, 17:07:26, 2022/06/14, -0.706502, 7.476588, -9.781641, -6.244627, P, D, -0.431800, 1.938151, 0.206719, 5.087173, 0.014557
47, 5, MATT-HENRY, BEN-STOKES, L, 72.685, 2.80, 0.06, 0.20, 0.35, -0.48, 1.05, 0, 0.000, 0.000, 17:08:25, 2022/06/14, -0.539223, 7.232263, -12.228962, -2.301749, P, D, -0.520415, 1.976153, -0.761768, 0.029446, -0.098575
47, 6, MATT-HENRY, BEN-STOKES, L, 82.812, 3.67, 0.08, 0.28, 0.28, 0.80, 0.30, 0, 0.000, 0.000, 17:09:03, 2022/06/14, -0.455415, 4.706294, -9.828720, -5.019647, P, A, -0.545251, 1.937533, 0.780843, 3.881877, 0.069395
48, 1, TRENT-BOULT, BEN-FOAKES, R, 85.097, 8.79, 0.16, -0.22, 0.91, -0.15, -0.18, 2, -6.000, 135.000, 17:10:35, 2022/06/14, -0.574457, 7.888100, -12.772126, -9.558492, P, A, 0.522000, 1.951356, 0.022671, 3.778657, 0.000799
48, 2, TRENT-BOULT, BEN-FOAKES, R, 82.606, 11.74, 0.49, 0.11, 2.05, -0.71, -0.77, 0, 0.000, 0.000, 17:11:16, 2022/06/14, -0.683665, 12.895058, -16.414878, -13.665652, M, A, 0.565081, 1.854628, -2.353087, 2.237514, -0.039364
48, 3, TRENT-BOULT, BEN-FOAKES, R, 85.158, 7.76, -0.11, -0.69, 0.80, -0.11, -0.60, 0, 0.000, 0.000, 17:11:58, 2022/06/14, -0.588490, 7.533603, -11.867640, -8.151268, P, D, 0.546322, 1.933368, 0.362699, 3.280384, 0.015679
48, 4, TRENT-BOULT, BEN-FOAKES, R, 66.741, 13.15, 0.52, 0.10, 1.54, -0.26, -1.23, 1, -95.000, 65.000, 17:12:34, 2022/06/14, -0.598613, 13.210626, -18.621466, -16.843523, P, A, 0.560653, 1.741175, -0.661492, 6.496017, -0.011303
48, 5, TRENT-BOULT, BEN-STOKES, L, 80.328, 12.60, 0.43, 0.02, 1.62, -0.42, -0.15, 0, 0.000, 0.000, 17:13:46, 2022/06/14, -0.507565, 10.906173, -19.117932, -15.813850, N, N, 0.573073, 1.885906, -1.269459, -0.358303, -0.017997
48, 6, TRENT-BOULT, BEN-STOKES, L, 82.869, 3.65, 0.14, 0.05, 0.38, -0.21, 0.07, 0, 0.000, 0.000, 17:14:32, 2022/06/14, -0.557137, 5.977684, -10.138845, -4.695932, P, D, 0.469480, 1.954907, -0.108022, 2.802828, -0.009412
49, 1, MATT-HENRY, BEN-FOAKES, R, 82.317, 9.61, -0.42, -0.07, 1.00, 0.88, 0.20, 4, 111.000, 130.000, 17:15:25, 2022/06/14, -0.571169, 8.392318, -13.549329, -10.145411, P, A, -0.636576, 1.896517, 1.917578, 3.045722, 0.060228
49, 2, MATT-HENRY, BEN-FOAKES, R, 83.994, 9.11, -0.51, -0.35, 0.85, 0.99, -0.33, 0, 0.000, 0.000, 17:16:17, 2022/06/14, -0.541368, 7.459101, -12.848187, -9.290427, P, D, -0.636955, 1.865745, 2.278749, 2.677657, 0.075749
49, 3, MATT-HENRY, BEN-FOAKES, R, 83.873, 7.33, -0.43, -0.42, 0.58, 0.72, -1.67, 0, 0.000, 0.000, 17:16:47, 2022/06/14, -0.503208, 6.223179, -11.321437, -7.925905, M, D, -0.643868, 1.923607, 1.294075, 4.267437, 0.060967
49, 4, MATT-HENRY, BEN-FOAKES, R, 81.693, 10.60, -0.55, -0.45, 0.99, 0.30, -0.22, 0, 0.000, 0.000, 17:17:19, 2022/06/14, -0.497157, 8.211659, -14.956849, -11.162167, E, A, -0.632759, 1.863786, 0.722408, 1.003484, 0.018025
49, 5, MATT-HENRY, BEN-FOAKES, R, 84.509, 8.90, -0.43, -0.28, 0.91, 0.99, -0.79, 0, 0.000, 0.000, 17:17:57, 2022/06/14, -0.580589, 7.934613, -12.701090, -9.184570, P, D, -0.631906, 1.881961, 2.166774, 2.960625, 0.075271
49, 6, MATT-HENRY, BEN-FOAKES, R, 83.462, 7.54, -0.08, 0.39, 0.91, 0.52, 0.76, 0, 0.000, 0.000, 17:18:33, 2022/06/14, -0.684609, 8.628237, -11.626142, -8.043684, M, D, -0.545714, 1.919973, 0.662485, 3.880055, 0.030679
50, 1, TRENT-BOULT, BEN-STOKES, L, 84.202, 10.93, 0.17, -0.57, 1.14, -0.23, -1.35, 0, 0.000, 0.000, 17:19:45, 2022/06/14, -0.520892, 8.745726, -15.158835, -12.390453, M, D, 0.490296, 1.890036, -0.289003, 3.351229, -0.006280
50, 2, TRENT-BOULT, BEN-STOKES, L, 85.567, 7.54, 0.21, -0.02, 0.81, -0.70, 0.17, 0, 0.000, 0.000, 17:20:25, 2022/06/14, -0.605083, 7.639592, -11.694678, -7.917365, P, A, 0.505804, 1.933281, -1.221413, 3.207522, -0.054338
50, 3, TRENT-BOULT, BEN-STOKES, L, 74.043, 4.39, 0.24, 0.17, 0.56, 1.08, -0.29, 6, 157.000, -94.000, 17:21:07, 2022/06/14, -0.625240, 8.115590, -11.931074, -3.938519, P, A, 0.529250, 1.978510, 1.468431, 0.795124, 0.146359
50, 4, TRENT-BOULT, BEN-STOKES, L, 83.311, 2.80, 0.23, 0.17, 0.28, -0.42, -0.36, 0, 0.000, 0.000, 17:21:45, 2022/06/14, -0.505746, 5.386954, -9.941573, -4.348263, M, A, 0.405553, 1.973987, -0.470206, 3.080578, -0.046395
50, 5, TRENT-BOULT, BEN-STOKES, L, 86.497, 0.49, -0.21, -0.23, 0.01, -1.00, 0.00, 4, 75.000, -143.000, 17:22:31, 2022/06/14, -0.650000, 6.953265, -10.106510, -3.176369, P, A, 0.426875, 1.973265, -0.935875, 1.916332, -0.114562
50, 6, TRENT-BOULT, BEN-STOKES, L, 83.547, 8.03, 0.50, 0.39, 0.98, -0.62, -0.28, 4, 57.000, 159.000, 17:23:16, 2022/06/14, -0.631790, 8.700725, -12.315904, -8.090114, P, A, 0.524237, 1.926429, -1.381240, 1.693107, -0.055062
